/*初始化表结构数据*/


/* 数据字典 [ SYS_DICT ] */

INSERT INTO "PRO_DT"("DT_ID", "DT_SQL", "DT_NAME", "DT_NAME_ANNOTATION", "DT_PREFIX", "INITIAL_CASE_ENTITY_NAME", "INITIAL_LOWERCASE_ENTITY_NAME", "PRO_PATH", "PRO_ALL_NAME") VALUES ('180e1ea1-7c27-467f-86ff-450ed33cd493', 'SYS_DICT', 'SYS_DICT', '数据字典', 'SYS_', 'Dict', 'dict', '/Users/moonnow/wode/cs/1', 'dict');

INSERT INTO "PRO_COLUMNS"("COLUMNS_ID", "COLUMN_NAME", "COLUMN_NAME_ANNOTATION", "DATA_TYPE", "IS_NULL", "INITIAL_CASE_COLUMN_NAME", "INITIAL_LOWERCASE_COLUMN_NAME", "WEIGHT_ORDER", "DT_ID") VALUES ('e9c34cfe-33f3-4fd8-baa3-03fc98c74ab1', 'DICT_ID', '数据字典编号', 'VARCHAR2', 'n', 'DictId', 'dictId', '1', '180e1ea1-7c27-467f-86ff-450ed33cd493');
INSERT INTO "PRO_COLUMNS"("COLUMNS_ID", "COLUMN_NAME", "COLUMN_NAME_ANNOTATION", "DATA_TYPE", "IS_NULL", "INITIAL_CASE_COLUMN_NAME", "INITIAL_LOWERCASE_COLUMN_NAME", "WEIGHT_ORDER", "DT_ID") VALUES ('3eb42fae-f225-427b-8b0e-c5e0cdd012b5', 'DICT_KEY', '数据字典标识', 'VARCHAR2', 'n', 'DictKey', 'dictKey', '2', '180e1ea1-7c27-467f-86ff-450ed33cd493');
INSERT INTO "PRO_COLUMNS"("COLUMNS_ID", "COLUMN_NAME", "COLUMN_NAME_ANNOTATION", "DATA_TYPE", "IS_NULL", "INITIAL_CASE_COLUMN_NAME", "INITIAL_LOWERCASE_COLUMN_NAME", "WEIGHT_ORDER", "DT_ID") VALUES ('80f09a9a-c577-451c-86b9-a1e12fc1ef6a', 'DICT_NAME', '数据字典名称', 'VARCHAR2', 'y', 'DictName', 'dictName', '3', '180e1ea1-7c27-467f-86ff-450ed33cd493');
INSERT INTO "PRO_COLUMNS"("COLUMNS_ID", "COLUMN_NAME", "COLUMN_NAME_ANNOTATION", "DATA_TYPE", "IS_NULL", "INITIAL_CASE_COLUMN_NAME", "INITIAL_LOWERCASE_COLUMN_NAME", "WEIGHT_ORDER", "DT_ID") VALUES ('e12b252f-e4a5-4b58-b21a-4e0a2c7fa7d9', 'NOTES', '说明', 'VARCHAR2', 'y', 'Notes', 'notes', '4', '180e1ea1-7c27-467f-86ff-450ed33cd493');
INSERT INTO "PRO_COLUMNS"("COLUMNS_ID", "COLUMN_NAME", "COLUMN_NAME_ANNOTATION", "DATA_TYPE", "IS_NULL", "INITIAL_CASE_COLUMN_NAME", "INITIAL_LOWERCASE_COLUMN_NAME", "WEIGHT_ORDER", "DT_ID") VALUES ('e0ae2ba1-a3e3-4171-bc6c-a1ef36de52b4', 'WEIGHT_ORDER', '排序权重', 'NUMBER11', 'y', 'WeightOrder', 'weightOrder', '5', '180e1ea1-7c27-467f-86ff-450ed33cd493');
INSERT INTO "PRO_COLUMNS"("COLUMNS_ID", "COLUMN_NAME", "COLUMN_NAME_ANNOTATION", "DATA_TYPE", "IS_NULL", "INITIAL_CASE_COLUMN_NAME", "INITIAL_LOWERCASE_COLUMN_NAME", "WEIGHT_ORDER", "DT_ID") VALUES ('11b6158c-f49d-4494-a807-ec400b172904', 'VERSIONS', '版本号', 'NUMBER11', 'n', 'Versions', 'versions', '6', '180e1ea1-7c27-467f-86ff-450ed33cd493');
INSERT INTO "PRO_COLUMNS"("COLUMNS_ID", "COLUMN_NAME", "COLUMN_NAME_ANNOTATION", "DATA_TYPE", "IS_NULL", "INITIAL_CASE_COLUMN_NAME", "INITIAL_LOWERCASE_COLUMN_NAME", "WEIGHT_ORDER", "DT_ID") VALUES ('fe620f5d-fee1-47f5-aa8d-e5b5f8a4152e', 'CREATE_ID', '创建人账号', 'VARCHAR2', 'n', 'CreateId', 'createId', '7', '180e1ea1-7c27-467f-86ff-450ed33cd493');
INSERT INTO "PRO_COLUMNS"("COLUMNS_ID", "COLUMN_NAME", "COLUMN_NAME_ANNOTATION", "DATA_TYPE", "IS_NULL", "INITIAL_CASE_COLUMN_NAME", "INITIAL_LOWERCASE_COLUMN_NAME", "WEIGHT_ORDER", "DT_ID") VALUES ('11715167-dfdd-4681-b56e-0e5e682a2147', 'CREATE_NAME', '创建人名称', 'VARCHAR2', 'n', 'CreateName', 'createName', '8', '180e1ea1-7c27-467f-86ff-450ed33cd493');
INSERT INTO "PRO_COLUMNS"("COLUMNS_ID", "COLUMN_NAME", "COLUMN_NAME_ANNOTATION", "DATA_TYPE", "IS_NULL", "INITIAL_CASE_COLUMN_NAME", "INITIAL_LOWERCASE_COLUMN_NAME", "WEIGHT_ORDER", "DT_ID") VALUES ('d7ac95f3-4d30-47a5-b088-c976015e7d31', 'CREATE_TIMES', '创建时间', 'NUMBER20', 'n', 'CreateTimes', 'createTimes', '9', '180e1ea1-7c27-467f-86ff-450ed33cd493');
INSERT INTO "PRO_COLUMNS"("COLUMNS_ID", "COLUMN_NAME", "COLUMN_NAME_ANNOTATION", "DATA_TYPE", "IS_NULL", "INITIAL_CASE_COLUMN_NAME", "INITIAL_LOWERCASE_COLUMN_NAME", "WEIGHT_ORDER", "DT_ID") VALUES ('cf1fbb77-2121-49c8-a1d2-342c8919af9d', 'MODIFY_ID', '修改人账号', 'VARCHAR2', 'y', 'ModifyId', 'modifyId', '10', '180e1ea1-7c27-467f-86ff-450ed33cd493');
INSERT INTO "PRO_COLUMNS"("COLUMNS_ID", "COLUMN_NAME", "COLUMN_NAME_ANNOTATION", "DATA_TYPE", "IS_NULL", "INITIAL_CASE_COLUMN_NAME", "INITIAL_LOWERCASE_COLUMN_NAME", "WEIGHT_ORDER", "DT_ID") VALUES ('a99440ee-2cbd-41d0-b2f8-c0643d30fd89', 'MODIFY_NAME', '修改人名称', 'VARCHAR2', 'y', 'ModifyName', 'modifyName', '11', '180e1ea1-7c27-467f-86ff-450ed33cd493');
INSERT INTO "PRO_COLUMNS"("COLUMNS_ID", "COLUMN_NAME", "COLUMN_NAME_ANNOTATION", "DATA_TYPE", "IS_NULL", "INITIAL_CASE_COLUMN_NAME", "INITIAL_LOWERCASE_COLUMN_NAME", "WEIGHT_ORDER", "DT_ID") VALUES ('6507b873-03a1-43c0-8c4d-1a31ac2d9c07', 'MODIFY_TIMES', '修改时间', 'NUMBER20', 'y', 'ModifyTimes', 'modifyTimes', '12', '180e1ea1-7c27-467f-86ff-450ed33cd493');

INSERT INTO "PRO_PK"("PK_ID", "DT_ID", "COLUMNS_ID") VALUES ('11242ed9-c21f-4209-91ba-e83b6ee3896b', '180e1ea1-7c27-467f-86ff-450ed33cd493', 'e9c34cfe-33f3-4fd8-baa3-03fc98c74ab1');

INSERT INTO "PRO_QUERY"("QUERY_ID", "QUERY_TYPE", "DT_ID", "COLUMNS_ID", "WEIGHT_ORDER") VALUES ('83408bf6-5107-48d3-bfcf-05d738f7a530', 'Andin', '180e1ea1-7c27-467f-86ff-450ed33cd493', 'e9c34cfe-33f3-4fd8-baa3-03fc98c74ab1', '1');
INSERT INTO "PRO_QUERY"("QUERY_ID", "QUERY_TYPE", "DT_ID", "COLUMNS_ID", "WEIGHT_ORDER") VALUES ('6ed6f598-24ec-4fc4-9b57-f60fdb7b8c54', 'Andeq', '180e1ea1-7c27-467f-86ff-450ed33cd493', '3eb42fae-f225-427b-8b0e-c5e0cdd012b5', '2');
INSERT INTO "PRO_QUERY"("QUERY_ID", "QUERY_TYPE", "DT_ID", "COLUMNS_ID", "WEIGHT_ORDER") VALUES ('9481428f-e77a-4877-9778-5c690574e4a6', 'AndKeyLike', '180e1ea1-7c27-467f-86ff-450ed33cd493', '3eb42fae-f225-427b-8b0e-c5e0cdd012b5', '3');
INSERT INTO "PRO_QUERY"("QUERY_ID", "QUERY_TYPE", "DT_ID", "COLUMNS_ID", "WEIGHT_ORDER") VALUES ('a126b971-fabf-4e95-bfe1-3551bfb8eec2', 'OrKeyLike', '180e1ea1-7c27-467f-86ff-450ed33cd493', '80f09a9a-c577-451c-86b9-a1e12fc1ef6a', '4');
INSERT INTO "PRO_QUERY"("QUERY_ID", "QUERY_TYPE", "DT_ID", "COLUMNS_ID", "WEIGHT_ORDER") VALUES ('4c020bcb-17fe-47fb-bb82-2419277e6462', 'OrKeyLike', '180e1ea1-7c27-467f-86ff-450ed33cd493', 'e12b252f-e4a5-4b58-b21a-4e0a2c7fa7d9', '5');
INSERT INTO "PRO_QUERY"("QUERY_ID", "QUERY_TYPE", "DT_ID", "COLUMNS_ID", "WEIGHT_ORDER") VALUES ('63b4c614-899a-4327-91b5-080a93059434', 'OrKeyLike', '180e1ea1-7c27-467f-86ff-450ed33cd493', 'fe620f5d-fee1-47f5-aa8d-e5b5f8a4152e', '6');
INSERT INTO "PRO_QUERY"("QUERY_ID", "QUERY_TYPE", "DT_ID", "COLUMNS_ID", "WEIGHT_ORDER") VALUES ('5915dfaa-6406-4cc3-b1bf-2334fca66725', 'OrKeyLike', '180e1ea1-7c27-467f-86ff-450ed33cd493', '11715167-dfdd-4681-b56e-0e5e682a2147', '7');
INSERT INTO "PRO_QUERY"("QUERY_ID", "QUERY_TYPE", "DT_ID", "COLUMNS_ID", "WEIGHT_ORDER") VALUES ('23323547-f04a-4390-a963-01c56510fccd', 'OrKeyLike', '180e1ea1-7c27-467f-86ff-450ed33cd493', 'cf1fbb77-2121-49c8-a1d2-342c8919af9d', '8');
INSERT INTO "PRO_QUERY"("QUERY_ID", "QUERY_TYPE", "DT_ID", "COLUMNS_ID", "WEIGHT_ORDER") VALUES ('f4ebb06e-9fdd-41fb-9c76-47b3c8865185', 'OrKeyLike', '180e1ea1-7c27-467f-86ff-450ed33cd493', 'a99440ee-2cbd-41d0-b2f8-c0643d30fd89', '9');

INSERT INTO "PRO_SORT"("SORT_ID", "SORT_RULE", "DT_ID", "COLUMNS_ID") VALUES ('9fb9a3ca-a254-45e2-b951-3615e0d22206', 'ASC', '180e1ea1-7c27-467f-86ff-450ed33cd493', 'e0ae2ba1-a3e3-4171-bc6c-a1ef36de52b4');


/* 数据字典值 [ SYS_DICT_VALUE ] */

INSERT INTO "PRO_DT"("DT_ID", "DT_SQL", "DT_NAME", "DT_NAME_ANNOTATION", "DT_PREFIX", "INITIAL_CASE_ENTITY_NAME", "INITIAL_LOWERCASE_ENTITY_NAME", "PRO_PATH", "PRO_ALL_NAME") VALUES ('46608dc8-953d-403e-b05a-f282626f666b', 'SYS_DICT_VALUE', 'SYS_DICT_VALUE', '数据字典值', 'SYS_', 'DictValue', 'dictValue', '/Users/moonnow/wode/cs/1', 'dict');

INSERT INTO "PRO_COLUMNS"("COLUMNS_ID", "COLUMN_NAME", "COLUMN_NAME_ANNOTATION", "DATA_TYPE", "IS_NULL", "INITIAL_CASE_COLUMN_NAME", "INITIAL_LOWERCASE_COLUMN_NAME", "WEIGHT_ORDER", "DT_ID") VALUES ('4975f649-1202-42cc-b87a-8428a75e085c', 'DICT_VALUE_ID', '数据字典值编号', 'VARCHAR2', 'n', 'DictValueId', 'dictValueId', '1', '46608dc8-953d-403e-b05a-f282626f666b');
INSERT INTO "PRO_COLUMNS"("COLUMNS_ID", "COLUMN_NAME", "COLUMN_NAME_ANNOTATION", "DATA_TYPE", "IS_NULL", "INITIAL_CASE_COLUMN_NAME", "INITIAL_LOWERCASE_COLUMN_NAME", "WEIGHT_ORDER", "DT_ID") VALUES ('18341cd2-5127-43df-a194-08e71edb0c9a', 'CODE', '代码', 'VARCHAR2', 'n', 'Code', 'code', '2', '46608dc8-953d-403e-b05a-f282626f666b');
INSERT INTO "PRO_COLUMNS"("COLUMNS_ID", "COLUMN_NAME", "COLUMN_NAME_ANNOTATION", "DATA_TYPE", "IS_NULL", "INITIAL_CASE_COLUMN_NAME", "INITIAL_LOWERCASE_COLUMN_NAME", "WEIGHT_ORDER", "DT_ID") VALUES ('f5739a82-9b09-4f28-92e5-b5eb1c34c7b0', 'DISPLAY_NAME', '显示名称', 'VARCHAR2', 'n', 'DisplayName', 'displayName', '3', '46608dc8-953d-403e-b05a-f282626f666b');
INSERT INTO "PRO_COLUMNS"("COLUMNS_ID", "COLUMN_NAME", "COLUMN_NAME_ANNOTATION", "DATA_TYPE", "IS_NULL", "INITIAL_CASE_COLUMN_NAME", "INITIAL_LOWERCASE_COLUMN_NAME", "WEIGHT_ORDER", "DT_ID") VALUES ('6c92e1ea-44dc-4fda-bc43-e92d4ee4ffa5', 'WEIGHT_ORDER', '排序权重', 'NUMBER11', 'y', 'WeightOrder', 'weightOrder', '4', '46608dc8-953d-403e-b05a-f282626f666b');
INSERT INTO "PRO_COLUMNS"("COLUMNS_ID", "COLUMN_NAME", "COLUMN_NAME_ANNOTATION", "DATA_TYPE", "IS_NULL", "INITIAL_CASE_COLUMN_NAME", "INITIAL_LOWERCASE_COLUMN_NAME", "WEIGHT_ORDER", "DT_ID") VALUES ('46b6b39f-fc93-4770-8a13-0efcccf09da5', 'DESCRIPTION', '描述', 'VARCHAR2', 'y', 'Description', 'description', '5', '46608dc8-953d-403e-b05a-f282626f666b');
INSERT INTO "PRO_COLUMNS"("COLUMNS_ID", "COLUMN_NAME", "COLUMN_NAME_ANNOTATION", "DATA_TYPE", "IS_NULL", "INITIAL_CASE_COLUMN_NAME", "INITIAL_LOWERCASE_COLUMN_NAME", "WEIGHT_ORDER", "DT_ID") VALUES ('35f50e9b-cc67-4d5e-af54-625c70d20762', 'DICT_ID', '数据字典编号', 'VARCHAR2', 'n', 'DictId', 'dictId', '6', '46608dc8-953d-403e-b05a-f282626f666b');
INSERT INTO "PRO_COLUMNS"("COLUMNS_ID", "COLUMN_NAME", "COLUMN_NAME_ANNOTATION", "DATA_TYPE", "IS_NULL", "INITIAL_CASE_COLUMN_NAME", "INITIAL_LOWERCASE_COLUMN_NAME", "WEIGHT_ORDER", "DT_ID") VALUES ('fa7214ef-b9cc-4a9d-9269-7a9fc076878e', 'VERSIONS', '版本号', 'NUMBER11', 'n', 'Versions', 'versions', '7', '46608dc8-953d-403e-b05a-f282626f666b');
INSERT INTO "PRO_COLUMNS"("COLUMNS_ID", "COLUMN_NAME", "COLUMN_NAME_ANNOTATION", "DATA_TYPE", "IS_NULL", "INITIAL_CASE_COLUMN_NAME", "INITIAL_LOWERCASE_COLUMN_NAME", "WEIGHT_ORDER", "DT_ID") VALUES ('60b7d916-2b6e-4c19-ba53-1c58c8164fd9', 'CREATE_ID', '创建人账号', 'VARCHAR2', 'n', 'CreateId', 'createId', '8', '46608dc8-953d-403e-b05a-f282626f666b');
INSERT INTO "PRO_COLUMNS"("COLUMNS_ID", "COLUMN_NAME", "COLUMN_NAME_ANNOTATION", "DATA_TYPE", "IS_NULL", "INITIAL_CASE_COLUMN_NAME", "INITIAL_LOWERCASE_COLUMN_NAME", "WEIGHT_ORDER", "DT_ID") VALUES ('641f5a98-2c4f-4be0-9ec2-2a73b836025c', 'CREATE_NAME', '创建人名称', 'VARCHAR2', 'n', 'CreateName', 'createName', '9', '46608dc8-953d-403e-b05a-f282626f666b');
INSERT INTO "PRO_COLUMNS"("COLUMNS_ID", "COLUMN_NAME", "COLUMN_NAME_ANNOTATION", "DATA_TYPE", "IS_NULL", "INITIAL_CASE_COLUMN_NAME", "INITIAL_LOWERCASE_COLUMN_NAME", "WEIGHT_ORDER", "DT_ID") VALUES ('0675d471-dfab-4e51-a21b-3b3e8c786566', 'CREATE_TIMES', '创建时间', 'NUMBER20', 'n', 'CreateTimes', 'createTimes', '10', '46608dc8-953d-403e-b05a-f282626f666b');
INSERT INTO "PRO_COLUMNS"("COLUMNS_ID", "COLUMN_NAME", "COLUMN_NAME_ANNOTATION", "DATA_TYPE", "IS_NULL", "INITIAL_CASE_COLUMN_NAME", "INITIAL_LOWERCASE_COLUMN_NAME", "WEIGHT_ORDER", "DT_ID") VALUES ('102b00b2-f991-4fc5-a680-88e6774947be', 'MODIFY_ID', '修改人账号', 'VARCHAR2', 'y', 'ModifyId', 'modifyId', '11', '46608dc8-953d-403e-b05a-f282626f666b');
INSERT INTO "PRO_COLUMNS"("COLUMNS_ID", "COLUMN_NAME", "COLUMN_NAME_ANNOTATION", "DATA_TYPE", "IS_NULL", "INITIAL_CASE_COLUMN_NAME", "INITIAL_LOWERCASE_COLUMN_NAME", "WEIGHT_ORDER", "DT_ID") VALUES ('37095aa6-ed67-4157-bf6a-5c75e0cba3f8', 'MODIFY_NAME', '修改人名称', 'VARCHAR2', 'y', 'ModifyName', 'modifyName', '12', '46608dc8-953d-403e-b05a-f282626f666b');
INSERT INTO "PRO_COLUMNS"("COLUMNS_ID", "COLUMN_NAME", "COLUMN_NAME_ANNOTATION", "DATA_TYPE", "IS_NULL", "INITIAL_CASE_COLUMN_NAME", "INITIAL_LOWERCASE_COLUMN_NAME", "WEIGHT_ORDER", "DT_ID") VALUES ('1c24774d-5c64-4f09-84fb-3f52f692b72a', 'MODIFY_TIMES', '修改时间', 'NUMBER20', 'y', 'ModifyTimes', 'modifyTimes', '13', '46608dc8-953d-403e-b05a-f282626f666b');

INSERT INTO "PRO_PK"("PK_ID", "DT_ID", "COLUMNS_ID") VALUES ('b57db4fe-5b48-4704-ab51-30e0486e63f5', '46608dc8-953d-403e-b05a-f282626f666b', '4975f649-1202-42cc-b87a-8428a75e085c');

INSERT INTO "PRO_QUERY"("QUERY_ID", "QUERY_TYPE", "DT_ID", "COLUMNS_ID", "WEIGHT_ORDER") VALUES ('d207833c-a940-448b-bee2-f5a742c301f2', 'Andin', '46608dc8-953d-403e-b05a-f282626f666b', '4975f649-1202-42cc-b87a-8428a75e085c', '1');
INSERT INTO "PRO_QUERY"("QUERY_ID", "QUERY_TYPE", "DT_ID", "COLUMNS_ID", "WEIGHT_ORDER") VALUES ('b5a4bafe-bc69-4566-b3bc-86458fb0203b', 'Andeq', '46608dc8-953d-403e-b05a-f282626f666b', '18341cd2-5127-43df-a194-08e71edb0c9a', '2');
INSERT INTO "PRO_QUERY"("QUERY_ID", "QUERY_TYPE", "DT_ID", "COLUMNS_ID", "WEIGHT_ORDER") VALUES ('34cde160-7166-417d-b47f-ff56c57f9bfc', 'Andeq', '46608dc8-953d-403e-b05a-f282626f666b', '35f50e9b-cc67-4d5e-af54-625c70d20762', '3');
INSERT INTO "PRO_QUERY"("QUERY_ID", "QUERY_TYPE", "DT_ID", "COLUMNS_ID", "WEIGHT_ORDER") VALUES ('bb396386-bbf8-4f2b-8346-3ed6f4c42109', 'AndKeyLike', '46608dc8-953d-403e-b05a-f282626f666b', '18341cd2-5127-43df-a194-08e71edb0c9a', '4');
INSERT INTO "PRO_QUERY"("QUERY_ID", "QUERY_TYPE", "DT_ID", "COLUMNS_ID", "WEIGHT_ORDER") VALUES ('2dfdf19c-5a15-48fd-81b0-e39442333cac', 'OrKeyLike', '46608dc8-953d-403e-b05a-f282626f666b', 'f5739a82-9b09-4f28-92e5-b5eb1c34c7b0', '5');
INSERT INTO "PRO_QUERY"("QUERY_ID", "QUERY_TYPE", "DT_ID", "COLUMNS_ID", "WEIGHT_ORDER") VALUES ('5b6eeed0-c0de-4423-8a53-9b71cf85a1d7', 'OrKeyLike', '46608dc8-953d-403e-b05a-f282626f666b', '46b6b39f-fc93-4770-8a13-0efcccf09da5', '6');
INSERT INTO "PRO_QUERY"("QUERY_ID", "QUERY_TYPE", "DT_ID", "COLUMNS_ID", "WEIGHT_ORDER") VALUES ('918a9847-b94a-4f51-8ca6-eb354f71be57', 'OrKeyLike', '46608dc8-953d-403e-b05a-f282626f666b', '35f50e9b-cc67-4d5e-af54-625c70d20762', '7');
INSERT INTO "PRO_QUERY"("QUERY_ID", "QUERY_TYPE", "DT_ID", "COLUMNS_ID", "WEIGHT_ORDER") VALUES ('c368997c-65d1-43f0-a33f-9f45000fdf47', 'OrKeyLike', '46608dc8-953d-403e-b05a-f282626f666b', '60b7d916-2b6e-4c19-ba53-1c58c8164fd9', '8');
INSERT INTO "PRO_QUERY"("QUERY_ID", "QUERY_TYPE", "DT_ID", "COLUMNS_ID", "WEIGHT_ORDER") VALUES ('f8810dc0-461b-4dbe-bf6d-7c64419cc9de', 'OrKeyLike', '46608dc8-953d-403e-b05a-f282626f666b', '641f5a98-2c4f-4be0-9ec2-2a73b836025c', '9');
INSERT INTO "PRO_QUERY"("QUERY_ID", "QUERY_TYPE", "DT_ID", "COLUMNS_ID", "WEIGHT_ORDER") VALUES ('4930cad1-7279-4f11-be27-21934aeadb37', 'OrKeyLike', '46608dc8-953d-403e-b05a-f282626f666b', '102b00b2-f991-4fc5-a680-88e6774947be', '10');
INSERT INTO "PRO_QUERY"("QUERY_ID", "QUERY_TYPE", "DT_ID", "COLUMNS_ID", "WEIGHT_ORDER") VALUES ('df32d5fd-b0d6-4507-bb36-3f11f14f29f8', 'OrKeyLike', '46608dc8-953d-403e-b05a-f282626f666b', '37095aa6-ed67-4157-bf6a-5c75e0cba3f8', '11');

INSERT INTO "PRO_SORT"("SORT_ID", "SORT_RULE", "DT_ID", "COLUMNS_ID") VALUES ('3f58dc29-5bce-40ee-8fa8-fe4c356ba3e8', 'ASC', '46608dc8-953d-403e-b05a-f282626f666b', '6c92e1ea-44dc-4fda-bc43-e92d4ee4ffa5');


/* 账号 [ SYS_ACCOUNT ] */

INSERT INTO "PRO_DT"("DT_ID", "DT_SQL", "DT_NAME", "DT_NAME_ANNOTATION", "DT_PREFIX", "INITIAL_CASE_ENTITY_NAME", "INITIAL_LOWERCASE_ENTITY_NAME", "PRO_PATH", "PRO_ALL_NAME") VALUES ('d7a58303-31f0-451b-8374-18139536da36', 'SYS_ACCOUNT', 'SYS_ACCOUNT', '账号', 'SYS_', 'Account', 'account', '/Users/moonnow/wode/cs/1', 'sign');

INSERT INTO "PRO_COLUMNS"("COLUMNS_ID", "COLUMN_NAME", "COLUMN_NAME_ANNOTATION", "DATA_TYPE", "IS_NULL", "INITIAL_CASE_COLUMN_NAME", "INITIAL_LOWERCASE_COLUMN_NAME", "WEIGHT_ORDER", "DT_ID") VALUES ('d75bfc03-5f1f-4b6e-9e86-2dda363bacad', 'ACCOUNT_ID', '账号编号', 'VARCHAR2', 'n', 'AccountId', 'accountId', '1', 'd7a58303-31f0-451b-8374-18139536da36');
INSERT INTO "PRO_COLUMNS"("COLUMNS_ID", "COLUMN_NAME", "COLUMN_NAME_ANNOTATION", "DATA_TYPE", "IS_NULL", "INITIAL_CASE_COLUMN_NAME", "INITIAL_LOWERCASE_COLUMN_NAME", "WEIGHT_ORDER", "DT_ID") VALUES ('357ee979-a818-4a2f-a694-2dfea7368fc7', 'ACCOUNT', '账号', 'VARCHAR2', 'n', 'Account', 'account', '2', 'd7a58303-31f0-451b-8374-18139536da36');
INSERT INTO "PRO_COLUMNS"("COLUMNS_ID", "COLUMN_NAME", "COLUMN_NAME_ANNOTATION", "DATA_TYPE", "IS_NULL", "INITIAL_CASE_COLUMN_NAME", "INITIAL_LOWERCASE_COLUMN_NAME", "WEIGHT_ORDER", "DT_ID") VALUES ('6a82df82-362f-46cd-9f78-13bf276f3505', 'PASSWORD', '密码', 'VARCHAR2', 'n', 'Password', 'password', '3', 'd7a58303-31f0-451b-8374-18139536da36');
INSERT INTO "PRO_COLUMNS"("COLUMNS_ID", "COLUMN_NAME", "COLUMN_NAME_ANNOTATION", "DATA_TYPE", "IS_NULL", "INITIAL_CASE_COLUMN_NAME", "INITIAL_LOWERCASE_COLUMN_NAME", "WEIGHT_ORDER", "DT_ID") VALUES ('cbd653d6-fbe6-4f4f-94b1-e5cca1ab24c7', 'MOBILE_PHONE_NUMBER', '手机号', 'VARCHAR2', 'y', 'MobilePhoneNumber', 'mobilePhoneNumber', '4', 'd7a58303-31f0-451b-8374-18139536da36');
INSERT INTO "PRO_COLUMNS"("COLUMNS_ID", "COLUMN_NAME", "COLUMN_NAME_ANNOTATION", "DATA_TYPE", "IS_NULL", "INITIAL_CASE_COLUMN_NAME", "INITIAL_LOWERCASE_COLUMN_NAME", "WEIGHT_ORDER", "DT_ID") VALUES ('342944ec-d8ae-4570-80d6-66e5164008ee', 'COOKIES_EXPIRE_TIMES_BROWSER', '浏览器会话过期时间', 'NUMBER20', 'y', 'CookiesExpireTimesBrowser', 'cookiesExpireTimesBrowser', '5', 'd7a58303-31f0-451b-8374-18139536da36');
INSERT INTO "PRO_COLUMNS"("COLUMNS_ID", "COLUMN_NAME", "COLUMN_NAME_ANNOTATION", "DATA_TYPE", "IS_NULL", "INITIAL_CASE_COLUMN_NAME", "INITIAL_LOWERCASE_COLUMN_NAME", "WEIGHT_ORDER", "DT_ID") VALUES ('c603f2cb-9f0b-40cb-b4de-263c4f249ca7', 'COOKIES_EXPIRE_TIMES_ANDROID', '安卓APP会话过期时间', 'NUMBER20', 'y', 'CookiesExpireTimesAndroid', 'cookiesExpireTimesAndroid', '6', 'd7a58303-31f0-451b-8374-18139536da36');
INSERT INTO "PRO_COLUMNS"("COLUMNS_ID", "COLUMN_NAME", "COLUMN_NAME_ANNOTATION", "DATA_TYPE", "IS_NULL", "INITIAL_CASE_COLUMN_NAME", "INITIAL_LOWERCASE_COLUMN_NAME", "WEIGHT_ORDER", "DT_ID") VALUES ('811ed59e-14c9-4c0d-9daa-d93a602b5aad', 'COOKIES_EXPIRE_TIMES_IOS', '苹果APP会话过期时间', 'NUMBER20', 'y', 'CookiesExpireTimesIos', 'cookiesExpireTimesIos', '7', 'd7a58303-31f0-451b-8374-18139536da36');
INSERT INTO "PRO_COLUMNS"("COLUMNS_ID", "COLUMN_NAME", "COLUMN_NAME_ANNOTATION", "DATA_TYPE", "IS_NULL", "INITIAL_CASE_COLUMN_NAME", "INITIAL_LOWERCASE_COLUMN_NAME", "WEIGHT_ORDER", "DT_ID") VALUES ('2c573115-1c22-44a8-80c3-8366c16d2171', 'COOKIES_EXPIRE_TIMES_WECHATAPP', '微信小程序会话过期时间', 'NUMBER20', 'y', 'CookiesExpireTimesWechatapp', 'cookiesExpireTimesWechatapp', '8', 'd7a58303-31f0-451b-8374-18139536da36');
INSERT INTO "PRO_COLUMNS"("COLUMNS_ID", "COLUMN_NAME", "COLUMN_NAME_ANNOTATION", "DATA_TYPE", "IS_NULL", "INITIAL_CASE_COLUMN_NAME", "INITIAL_LOWERCASE_COLUMN_NAME", "WEIGHT_ORDER", "DT_ID") VALUES ('adc41473-720a-465c-901a-f3aa058900f2', 'NEXUS_TYPE', '关联类型', 'VARCHAR2', 'y', 'NexusType', 'nexusType', '9', 'd7a58303-31f0-451b-8374-18139536da36');
INSERT INTO "PRO_COLUMNS"("COLUMNS_ID", "COLUMN_NAME", "COLUMN_NAME_ANNOTATION", "DATA_TYPE", "IS_NULL", "INITIAL_CASE_COLUMN_NAME", "INITIAL_LOWERCASE_COLUMN_NAME", "WEIGHT_ORDER", "DT_ID") VALUES ('15e68182-5bc0-4911-84a4-65e946fe3100', 'NEXUS_OBJECT_ID', '对象编号', 'VARCHAR2', 'y', 'NexusObjectId', 'nexusObjectId', '10', 'd7a58303-31f0-451b-8374-18139536da36');
INSERT INTO "PRO_COLUMNS"("COLUMNS_ID", "COLUMN_NAME", "COLUMN_NAME_ANNOTATION", "DATA_TYPE", "IS_NULL", "INITIAL_CASE_COLUMN_NAME", "INITIAL_LOWERCASE_COLUMN_NAME", "WEIGHT_ORDER", "DT_ID") VALUES ('84f52709-f785-4ac6-8e5d-e46017a70db2', 'VERSIONS', '版本号', 'NUMBER11', 'n', 'Versions', 'versions', '11', 'd7a58303-31f0-451b-8374-18139536da36');
INSERT INTO "PRO_COLUMNS"("COLUMNS_ID", "COLUMN_NAME", "COLUMN_NAME_ANNOTATION", "DATA_TYPE", "IS_NULL", "INITIAL_CASE_COLUMN_NAME", "INITIAL_LOWERCASE_COLUMN_NAME", "WEIGHT_ORDER", "DT_ID") VALUES ('6e501813-8a33-4467-b9cf-bd2a9e65c242', 'CREATE_ID', '创建人账号', 'VARCHAR2', 'n', 'CreateId', 'createId', '12', 'd7a58303-31f0-451b-8374-18139536da36');
INSERT INTO "PRO_COLUMNS"("COLUMNS_ID", "COLUMN_NAME", "COLUMN_NAME_ANNOTATION", "DATA_TYPE", "IS_NULL", "INITIAL_CASE_COLUMN_NAME", "INITIAL_LOWERCASE_COLUMN_NAME", "WEIGHT_ORDER", "DT_ID") VALUES ('3ca87f38-8454-4857-9f99-9aff8a0d2ec5', 'CREATE_NAME', '创建人名称', 'VARCHAR2', 'n', 'CreateName', 'createName', '13', 'd7a58303-31f0-451b-8374-18139536da36');
INSERT INTO "PRO_COLUMNS"("COLUMNS_ID", "COLUMN_NAME", "COLUMN_NAME_ANNOTATION", "DATA_TYPE", "IS_NULL", "INITIAL_CASE_COLUMN_NAME", "INITIAL_LOWERCASE_COLUMN_NAME", "WEIGHT_ORDER", "DT_ID") VALUES ('0d9d6c82-1a79-46ed-b775-0c7ef0f11b98', 'CREATE_TIMES', '创建时间', 'NUMBER20', 'n', 'CreateTimes', 'createTimes', '14', 'd7a58303-31f0-451b-8374-18139536da36');
INSERT INTO "PRO_COLUMNS"("COLUMNS_ID", "COLUMN_NAME", "COLUMN_NAME_ANNOTATION", "DATA_TYPE", "IS_NULL", "INITIAL_CASE_COLUMN_NAME", "INITIAL_LOWERCASE_COLUMN_NAME", "WEIGHT_ORDER", "DT_ID") VALUES ('bef7f40c-a2d6-4f11-aa61-24543fc783ca', 'MODIFY_ID', '修改人账号', 'VARCHAR2', 'y', 'ModifyId', 'modifyId', '15', 'd7a58303-31f0-451b-8374-18139536da36');
INSERT INTO "PRO_COLUMNS"("COLUMNS_ID", "COLUMN_NAME", "COLUMN_NAME_ANNOTATION", "DATA_TYPE", "IS_NULL", "INITIAL_CASE_COLUMN_NAME", "INITIAL_LOWERCASE_COLUMN_NAME", "WEIGHT_ORDER", "DT_ID") VALUES ('f25e710c-2900-4757-8e8d-18ea6bf99719', 'MODIFY_NAME', '修改人名称', 'VARCHAR2', 'y', 'ModifyName', 'modifyName', '16', 'd7a58303-31f0-451b-8374-18139536da36');
INSERT INTO "PRO_COLUMNS"("COLUMNS_ID", "COLUMN_NAME", "COLUMN_NAME_ANNOTATION", "DATA_TYPE", "IS_NULL", "INITIAL_CASE_COLUMN_NAME", "INITIAL_LOWERCASE_COLUMN_NAME", "WEIGHT_ORDER", "DT_ID") VALUES ('5bf38788-e2dd-4ae6-a441-9b5c0172d0c6', 'MODIFY_TIMES', '修改时间', 'NUMBER20', 'y', 'ModifyTimes', 'modifyTimes', '17', 'd7a58303-31f0-451b-8374-18139536da36');

INSERT INTO "PRO_PK"("PK_ID", "DT_ID", "COLUMNS_ID") VALUES ('60e87f42-50f0-457c-b40b-dc596e9275af', 'd7a58303-31f0-451b-8374-18139536da36', 'd75bfc03-5f1f-4b6e-9e86-2dda363bacad');

INSERT INTO "PRO_QUERY"("QUERY_ID", "QUERY_TYPE", "DT_ID", "COLUMNS_ID", "WEIGHT_ORDER") VALUES ('8c7310e9-d5c9-4cf0-a5d7-d8fed1151cab', 'Andin', 'd7a58303-31f0-451b-8374-18139536da36', 'd75bfc03-5f1f-4b6e-9e86-2dda363bacad', '1');
INSERT INTO "PRO_QUERY"("QUERY_ID", "QUERY_TYPE", "DT_ID", "COLUMNS_ID", "WEIGHT_ORDER") VALUES ('e55c0fea-74ec-4a29-b0b8-1f73758cc3b6', 'Andeq', 'd7a58303-31f0-451b-8374-18139536da36', '357ee979-a818-4a2f-a694-2dfea7368fc7', '2');
INSERT INTO "PRO_QUERY"("QUERY_ID", "QUERY_TYPE", "DT_ID", "COLUMNS_ID", "WEIGHT_ORDER") VALUES ('bcd2f450-5795-4a8e-b8c9-9657ff73397a', 'AndKeyLike', 'd7a58303-31f0-451b-8374-18139536da36', '357ee979-a818-4a2f-a694-2dfea7368fc7', '3');
INSERT INTO "PRO_QUERY"("QUERY_ID", "QUERY_TYPE", "DT_ID", "COLUMNS_ID", "WEIGHT_ORDER") VALUES ('85e4a060-23ff-4307-b3a6-a1f595048e6e', 'OrKeyLike', 'd7a58303-31f0-451b-8374-18139536da36', '6a82df82-362f-46cd-9f78-13bf276f3505', '4');
INSERT INTO "PRO_QUERY"("QUERY_ID", "QUERY_TYPE", "DT_ID", "COLUMNS_ID", "WEIGHT_ORDER") VALUES ('b30b437a-dd62-4ab7-931c-1722740f2208', 'OrKeyLike', 'd7a58303-31f0-451b-8374-18139536da36', 'cbd653d6-fbe6-4f4f-94b1-e5cca1ab24c7', '5');
INSERT INTO "PRO_QUERY"("QUERY_ID", "QUERY_TYPE", "DT_ID", "COLUMNS_ID", "WEIGHT_ORDER") VALUES ('3004f5bd-ac0d-4a81-963b-0585b6e2acb9', 'OrKeyLike', 'd7a58303-31f0-451b-8374-18139536da36', 'adc41473-720a-465c-901a-f3aa058900f2', '6');
INSERT INTO "PRO_QUERY"("QUERY_ID", "QUERY_TYPE", "DT_ID", "COLUMNS_ID", "WEIGHT_ORDER") VALUES ('d0d5c625-621b-4a98-a584-e508d254e0cf', 'OrKeyLike', 'd7a58303-31f0-451b-8374-18139536da36', '15e68182-5bc0-4911-84a4-65e946fe3100', '7');
INSERT INTO "PRO_QUERY"("QUERY_ID", "QUERY_TYPE", "DT_ID", "COLUMNS_ID", "WEIGHT_ORDER") VALUES ('a566b6d4-0b60-49b0-9e4b-8fe4bfab5929', 'OrKeyLike', 'd7a58303-31f0-451b-8374-18139536da36', '6e501813-8a33-4467-b9cf-bd2a9e65c242', '8');
INSERT INTO "PRO_QUERY"("QUERY_ID", "QUERY_TYPE", "DT_ID", "COLUMNS_ID", "WEIGHT_ORDER") VALUES ('1866925a-e4cb-4854-93fe-eeffe59e1273', 'OrKeyLike', 'd7a58303-31f0-451b-8374-18139536da36', '3ca87f38-8454-4857-9f99-9aff8a0d2ec5', '9');
INSERT INTO "PRO_QUERY"("QUERY_ID", "QUERY_TYPE", "DT_ID", "COLUMNS_ID", "WEIGHT_ORDER") VALUES ('66ae4eb8-38e5-477e-95ad-61123dfec0e6', 'OrKeyLike', 'd7a58303-31f0-451b-8374-18139536da36', 'bef7f40c-a2d6-4f11-aa61-24543fc783ca', '10');
INSERT INTO "PRO_QUERY"("QUERY_ID", "QUERY_TYPE", "DT_ID", "COLUMNS_ID", "WEIGHT_ORDER") VALUES ('c2e4d167-6830-43b1-ac35-fea6217484a4', 'OrKeyLike', 'd7a58303-31f0-451b-8374-18139536da36', 'f25e710c-2900-4757-8e8d-18ea6bf99719', '11');

INSERT INTO "PRO_SORT"("SORT_ID", "SORT_RULE", "DT_ID", "COLUMNS_ID") VALUES ('c0760ae1-048e-4a61-b2c6-f0dec1fbcf23', 'ASC', 'd7a58303-31f0-451b-8374-18139536da36', '357ee979-a818-4a2f-a694-2dfea7368fc7');


/* 会话 [ SYS_SESSION ] */

INSERT INTO "PRO_DT"("DT_ID", "DT_SQL", "DT_NAME", "DT_NAME_ANNOTATION", "DT_PREFIX", "INITIAL_CASE_ENTITY_NAME", "INITIAL_LOWERCASE_ENTITY_NAME", "PRO_PATH", "PRO_ALL_NAME") VALUES ('bf16a879-fe0e-42bb-bc66-e6c65b7d1078', 'SYS_SESSION', 'SYS_SESSION', '会话', 'SYS_', 'Session', 'session', '/Users/moonnow/wode/cs/1', 'sign');

INSERT INTO "PRO_COLUMNS"("COLUMNS_ID", "COLUMN_NAME", "COLUMN_NAME_ANNOTATION", "DATA_TYPE", "IS_NULL", "INITIAL_CASE_COLUMN_NAME", "INITIAL_LOWERCASE_COLUMN_NAME", "WEIGHT_ORDER", "DT_ID") VALUES ('5250bb19-9a4a-4b41-836e-910524293861', 'SESSION_ID', '会话编号', 'VARCHAR2', 'n', 'SessionId', 'sessionId', '1', 'bf16a879-fe0e-42bb-bc66-e6c65b7d1078');
INSERT INTO "PRO_COLUMNS"("COLUMNS_ID", "COLUMN_NAME", "COLUMN_NAME_ANNOTATION", "DATA_TYPE", "IS_NULL", "INITIAL_CASE_COLUMN_NAME", "INITIAL_LOWERCASE_COLUMN_NAME", "WEIGHT_ORDER", "DT_ID") VALUES ('c1a11ef3-d4cc-4e8b-a21a-b92a03b34931', 'ACCOUNT_ID', '账号编号', 'VARCHAR2', 'n', 'AccountId', 'accountId', '2', 'bf16a879-fe0e-42bb-bc66-e6c65b7d1078');
INSERT INTO "PRO_COLUMNS"("COLUMNS_ID", "COLUMN_NAME", "COLUMN_NAME_ANNOTATION", "DATA_TYPE", "IS_NULL", "INITIAL_CASE_COLUMN_NAME", "INITIAL_LOWERCASE_COLUMN_NAME", "WEIGHT_ORDER", "DT_ID") VALUES ('5e4e4eb8-5dc2-4455-b0a4-c090f7abbb13', 'LOGIN_KEY', '登录标识', 'VARCHAR2', 'n', 'LoginKey', 'loginKey', '3', 'bf16a879-fe0e-42bb-bc66-e6c65b7d1078');
INSERT INTO "PRO_COLUMNS"("COLUMNS_ID", "COLUMN_NAME", "COLUMN_NAME_ANNOTATION", "DATA_TYPE", "IS_NULL", "INITIAL_CASE_COLUMN_NAME", "INITIAL_LOWERCASE_COLUMN_NAME", "WEIGHT_ORDER", "DT_ID") VALUES ('ca2d76c0-3684-4b0b-b039-703e1c592cf4', 'CURRENT_TIMES', '当前时间', 'NUMBER20', 'n', 'CurrentTimes', 'currentTimes', '4', 'bf16a879-fe0e-42bb-bc66-e6c65b7d1078');
INSERT INTO "PRO_COLUMNS"("COLUMNS_ID", "COLUMN_NAME", "COLUMN_NAME_ANNOTATION", "DATA_TYPE", "IS_NULL", "INITIAL_CASE_COLUMN_NAME", "INITIAL_LOWERCASE_COLUMN_NAME", "WEIGHT_ORDER", "DT_ID") VALUES ('c8dab59a-2ae5-4612-9e5b-672c3b27cddc', 'AES_KEY', 'AES密钥', 'VARCHAR2', 'n', 'AesKey', 'aesKey', '5', 'bf16a879-fe0e-42bb-bc66-e6c65b7d1078');
INSERT INTO "PRO_COLUMNS"("COLUMNS_ID", "COLUMN_NAME", "COLUMN_NAME_ANNOTATION", "DATA_TYPE", "IS_NULL", "INITIAL_CASE_COLUMN_NAME", "INITIAL_LOWERCASE_COLUMN_NAME", "WEIGHT_ORDER", "DT_ID") VALUES ('27397731-c7c6-454f-b257-f818846d92d3', 'COOKIES_EXPIRE_TIMES_BROWSER', '浏览器会话过期时间', 'NUMBER20', 'y', 'CookiesExpireTimesBrowser', 'cookiesExpireTimesBrowser', '6', 'bf16a879-fe0e-42bb-bc66-e6c65b7d1078');
INSERT INTO "PRO_COLUMNS"("COLUMNS_ID", "COLUMN_NAME", "COLUMN_NAME_ANNOTATION", "DATA_TYPE", "IS_NULL", "INITIAL_CASE_COLUMN_NAME", "INITIAL_LOWERCASE_COLUMN_NAME", "WEIGHT_ORDER", "DT_ID") VALUES ('fdc71e04-9fe5-4d39-bb11-ca0cc200501d', 'COOKIES_EXPIRE_TIMES_ANDROID', '安卓APP会话过期时间', 'NUMBER20', 'y', 'CookiesExpireTimesAndroid', 'cookiesExpireTimesAndroid', '7', 'bf16a879-fe0e-42bb-bc66-e6c65b7d1078');
INSERT INTO "PRO_COLUMNS"("COLUMNS_ID", "COLUMN_NAME", "COLUMN_NAME_ANNOTATION", "DATA_TYPE", "IS_NULL", "INITIAL_CASE_COLUMN_NAME", "INITIAL_LOWERCASE_COLUMN_NAME", "WEIGHT_ORDER", "DT_ID") VALUES ('521674cb-c2e8-4bcf-80a8-8b54a5e2cbc8', 'COOKIES_EXPIRE_TIMES_IOS', '苹果APP会话过期时间', 'NUMBER20', 'y', 'CookiesExpireTimesIos', 'cookiesExpireTimesIos', '8', 'bf16a879-fe0e-42bb-bc66-e6c65b7d1078');
INSERT INTO "PRO_COLUMNS"("COLUMNS_ID", "COLUMN_NAME", "COLUMN_NAME_ANNOTATION", "DATA_TYPE", "IS_NULL", "INITIAL_CASE_COLUMN_NAME", "INITIAL_LOWERCASE_COLUMN_NAME", "WEIGHT_ORDER", "DT_ID") VALUES ('5ddf331c-fc35-403c-b7b0-5bb015516a54', 'COOKIES_EXPIRE_TIMES_WECHATAPP', '微信小程序会话过期时间', 'NUMBER20', 'y', 'CookiesExpireTimesWechatapp', 'cookiesExpireTimesWechatapp', '9', 'bf16a879-fe0e-42bb-bc66-e6c65b7d1078');

INSERT INTO "PRO_PK"("PK_ID", "DT_ID", "COLUMNS_ID") VALUES ('06fcc93f-a838-49ae-bdfc-49d332f9a8e0', 'bf16a879-fe0e-42bb-bc66-e6c65b7d1078', '5250bb19-9a4a-4b41-836e-910524293861');

INSERT INTO "PRO_QUERY"("QUERY_ID", "QUERY_TYPE", "DT_ID", "COLUMNS_ID", "WEIGHT_ORDER") VALUES ('e34b6e24-c987-40cb-8ce6-5504dd4f7afa', 'Andin', 'bf16a879-fe0e-42bb-bc66-e6c65b7d1078', '5250bb19-9a4a-4b41-836e-910524293861', '1');
INSERT INTO "PRO_QUERY"("QUERY_ID", "QUERY_TYPE", "DT_ID", "COLUMNS_ID", "WEIGHT_ORDER") VALUES ('ea385a41-c1c3-4fb8-b8d3-ca31085622ee', 'Andeq', 'bf16a879-fe0e-42bb-bc66-e6c65b7d1078', 'c1a11ef3-d4cc-4e8b-a21a-b92a03b34931', '2');
INSERT INTO "PRO_QUERY"("QUERY_ID", "QUERY_TYPE", "DT_ID", "COLUMNS_ID", "WEIGHT_ORDER") VALUES ('37cf36b7-fd75-456b-ab28-c72660064585', 'Andeq', 'bf16a879-fe0e-42bb-bc66-e6c65b7d1078', '5e4e4eb8-5dc2-4455-b0a4-c090f7abbb13', '3');
INSERT INTO "PRO_QUERY"("QUERY_ID", "QUERY_TYPE", "DT_ID", "COLUMNS_ID", "WEIGHT_ORDER") VALUES ('7a5dd106-5975-4c28-b2ef-9500225a3da5', 'AndKeyLike', 'bf16a879-fe0e-42bb-bc66-e6c65b7d1078', 'c1a11ef3-d4cc-4e8b-a21a-b92a03b34931', '4');
INSERT INTO "PRO_QUERY"("QUERY_ID", "QUERY_TYPE", "DT_ID", "COLUMNS_ID", "WEIGHT_ORDER") VALUES ('0f5f3665-f2b3-4731-a991-5e312e0b7298', 'OrKeyLike', 'bf16a879-fe0e-42bb-bc66-e6c65b7d1078', '5e4e4eb8-5dc2-4455-b0a4-c090f7abbb13', '5');
INSERT INTO "PRO_QUERY"("QUERY_ID", "QUERY_TYPE", "DT_ID", "COLUMNS_ID", "WEIGHT_ORDER") VALUES ('87106959-e00b-4da0-8b4f-96d2d18a62e7', 'OrKeyLike', 'bf16a879-fe0e-42bb-bc66-e6c65b7d1078', 'c8dab59a-2ae5-4612-9e5b-672c3b27cddc', '6');


/* 登录日志 [ SYS_LOGIN_LOG ] */

INSERT INTO "PRO_DT"("DT_ID", "DT_SQL", "DT_NAME", "DT_NAME_ANNOTATION", "DT_PREFIX", "INITIAL_CASE_ENTITY_NAME", "INITIAL_LOWERCASE_ENTITY_NAME", "PRO_PATH", "PRO_ALL_NAME") VALUES ('985c3b1f-8be2-4833-a087-442aefeb4694', 'SYS_LOGIN_LOG', 'SYS_LOGIN_LOG', '登录日志', 'SYS_', 'LoginLog', 'loginLog', '/Users/moonnow/wode/cs/1', 'sign');

INSERT INTO "PRO_COLUMNS"("COLUMNS_ID", "COLUMN_NAME", "COLUMN_NAME_ANNOTATION", "DATA_TYPE", "IS_NULL", "INITIAL_CASE_COLUMN_NAME", "INITIAL_LOWERCASE_COLUMN_NAME", "WEIGHT_ORDER", "DT_ID") VALUES ('34b69470-0ab3-4cb0-82dc-e6a928a7df64', 'LOG_ID', '登录日志编号', 'VARCHAR2', 'n', 'LogId', 'logId', '1', '985c3b1f-8be2-4833-a087-442aefeb4694');
INSERT INTO "PRO_COLUMNS"("COLUMNS_ID", "COLUMN_NAME", "COLUMN_NAME_ANNOTATION", "DATA_TYPE", "IS_NULL", "INITIAL_CASE_COLUMN_NAME", "INITIAL_LOWERCASE_COLUMN_NAME", "WEIGHT_ORDER", "DT_ID") VALUES ('5c387e89-e54e-45cf-9ee4-677f7eebbfb7', 'LOGIN_KEY', '登录标识', 'VARCHAR2', 'n', 'LoginKey', 'loginKey', '2', '985c3b1f-8be2-4833-a087-442aefeb4694');
INSERT INTO "PRO_COLUMNS"("COLUMNS_ID", "COLUMN_NAME", "COLUMN_NAME_ANNOTATION", "DATA_TYPE", "IS_NULL", "INITIAL_CASE_COLUMN_NAME", "INITIAL_LOWERCASE_COLUMN_NAME", "WEIGHT_ORDER", "DT_ID") VALUES ('db0ca865-fbaf-4f18-9ecd-e94f363a6d84', 'ACCOUNT_ID', '账号编号', 'VARCHAR2', 'n', 'AccountId', 'accountId', '3', '985c3b1f-8be2-4833-a087-442aefeb4694');
INSERT INTO "PRO_COLUMNS"("COLUMNS_ID", "COLUMN_NAME", "COLUMN_NAME_ANNOTATION", "DATA_TYPE", "IS_NULL", "INITIAL_CASE_COLUMN_NAME", "INITIAL_LOWERCASE_COLUMN_NAME", "WEIGHT_ORDER", "DT_ID") VALUES ('74a4571b-568a-4dbd-a992-fa3fdcb691db', 'ACCOUNT', '账号', 'VARCHAR2', 'n', 'Account', 'account', '4', '985c3b1f-8be2-4833-a087-442aefeb4694');
INSERT INTO "PRO_COLUMNS"("COLUMNS_ID", "COLUMN_NAME", "COLUMN_NAME_ANNOTATION", "DATA_TYPE", "IS_NULL", "INITIAL_CASE_COLUMN_NAME", "INITIAL_LOWERCASE_COLUMN_NAME", "WEIGHT_ORDER", "DT_ID") VALUES ('c12c8657-b19f-4526-a811-e010ff6f70ae', 'MOBILE_PHONE_NUMBER', '手机号', 'VARCHAR2', 'y', 'MobilePhoneNumber', 'mobilePhoneNumber', '5', '985c3b1f-8be2-4833-a087-442aefeb4694');
INSERT INTO "PRO_COLUMNS"("COLUMNS_ID", "COLUMN_NAME", "COLUMN_NAME_ANNOTATION", "DATA_TYPE", "IS_NULL", "INITIAL_CASE_COLUMN_NAME", "INITIAL_LOWERCASE_COLUMN_NAME", "WEIGHT_ORDER", "DT_ID") VALUES ('e9556a35-23f5-403a-b074-4207e6b13b12', 'LOGIN_TIMES', '登录时间', 'NUMBER20', 'n', 'LoginTimes', 'loginTimes', '6', '985c3b1f-8be2-4833-a087-442aefeb4694');

INSERT INTO "PRO_PK"("PK_ID", "DT_ID", "COLUMNS_ID") VALUES ('3b143607-92c8-4447-8ceb-7b3b35102425', '985c3b1f-8be2-4833-a087-442aefeb4694', '34b69470-0ab3-4cb0-82dc-e6a928a7df64');

INSERT INTO "PRO_QUERY"("QUERY_ID", "QUERY_TYPE", "DT_ID", "COLUMNS_ID", "WEIGHT_ORDER") VALUES ('49056aad-3d9a-4aef-971b-67acd7298393', 'Andin', '985c3b1f-8be2-4833-a087-442aefeb4694', '34b69470-0ab3-4cb0-82dc-e6a928a7df64', '1');
INSERT INTO "PRO_QUERY"("QUERY_ID", "QUERY_TYPE", "DT_ID", "COLUMNS_ID", "WEIGHT_ORDER") VALUES ('4417c312-fa65-434d-9a4e-64583da98d5a', 'AndKeyLike', '985c3b1f-8be2-4833-a087-442aefeb4694', '5c387e89-e54e-45cf-9ee4-677f7eebbfb7', '2');
INSERT INTO "PRO_QUERY"("QUERY_ID", "QUERY_TYPE", "DT_ID", "COLUMNS_ID", "WEIGHT_ORDER") VALUES ('d510e354-f1b9-4895-b76c-1251028afbf7', 'OrKeyLike', '985c3b1f-8be2-4833-a087-442aefeb4694', 'db0ca865-fbaf-4f18-9ecd-e94f363a6d84', '3');
INSERT INTO "PRO_QUERY"("QUERY_ID", "QUERY_TYPE", "DT_ID", "COLUMNS_ID", "WEIGHT_ORDER") VALUES ('7b17bba9-9309-4d3d-93f2-bc52e7601959', 'OrKeyLike', '985c3b1f-8be2-4833-a087-442aefeb4694', '74a4571b-568a-4dbd-a992-fa3fdcb691db', '4');
INSERT INTO "PRO_QUERY"("QUERY_ID", "QUERY_TYPE", "DT_ID", "COLUMNS_ID", "WEIGHT_ORDER") VALUES ('e35567ef-2c0c-48d4-b5b4-0b65428b3033', 'OrKeyLike', '985c3b1f-8be2-4833-a087-442aefeb4694', 'c12c8657-b19f-4526-a811-e010ff6f70ae', '5');


/* 组织机构 [ SYS_ORG ] */

INSERT INTO "PRO_DT"("DT_ID", "DT_SQL", "DT_NAME", "DT_NAME_ANNOTATION", "DT_PREFIX", "INITIAL_CASE_ENTITY_NAME", "INITIAL_LOWERCASE_ENTITY_NAME", "PRO_PATH", "PRO_ALL_NAME") VALUES ('52acffe1-a011-46f0-8998-8c29339934e3', 'SYS_ORG', 'SYS_ORG', '组织机构', 'SYS_', 'Org', 'org', '/Users/moonnow/wode/cs/1', 'sign');

INSERT INTO "PRO_COLUMNS"("COLUMNS_ID", "COLUMN_NAME", "COLUMN_NAME_ANNOTATION", "DATA_TYPE", "IS_NULL", "INITIAL_CASE_COLUMN_NAME", "INITIAL_LOWERCASE_COLUMN_NAME", "WEIGHT_ORDER", "DT_ID") VALUES ('b9dc5aff-cad7-493a-b164-32ccfd6e46ec', 'ORG_ID', '组织机构编号', 'VARCHAR2', 'n', 'OrgId', 'orgId', '1', '52acffe1-a011-46f0-8998-8c29339934e3');
INSERT INTO "PRO_COLUMNS"("COLUMNS_ID", "COLUMN_NAME", "COLUMN_NAME_ANNOTATION", "DATA_TYPE", "IS_NULL", "INITIAL_CASE_COLUMN_NAME", "INITIAL_LOWERCASE_COLUMN_NAME", "WEIGHT_ORDER", "DT_ID") VALUES ('21a62c47-63e5-4f8f-a1b9-ce445ae5d0e0', 'ORG_NAME', '组织机构名称', 'VARCHAR2', 'n', 'OrgName', 'orgName', '2', '52acffe1-a011-46f0-8998-8c29339934e3');
INSERT INTO "PRO_COLUMNS"("COLUMNS_ID", "COLUMN_NAME", "COLUMN_NAME_ANNOTATION", "DATA_TYPE", "IS_NULL", "INITIAL_CASE_COLUMN_NAME", "INITIAL_LOWERCASE_COLUMN_NAME", "WEIGHT_ORDER", "DT_ID") VALUES ('f8506026-ee2c-4b77-981b-46ff63586c94', 'ORG_TYPE', '组织机构类型', 'VARCHAR2', 'y', 'OrgType', 'orgType', '3', '52acffe1-a011-46f0-8998-8c29339934e3');
INSERT INTO "PRO_COLUMNS"("COLUMNS_ID", "COLUMN_NAME", "COLUMN_NAME_ANNOTATION", "DATA_TYPE", "IS_NULL", "INITIAL_CASE_COLUMN_NAME", "INITIAL_LOWERCASE_COLUMN_NAME", "WEIGHT_ORDER", "DT_ID") VALUES ('3d2549a6-bc2e-4866-890b-e9ac75323a93', 'ID_PATH', '编号路径', 'VARCHAR2', 'y', 'IdPath', 'idPath', '4', '52acffe1-a011-46f0-8998-8c29339934e3');
INSERT INTO "PRO_COLUMNS"("COLUMNS_ID", "COLUMN_NAME", "COLUMN_NAME_ANNOTATION", "DATA_TYPE", "IS_NULL", "INITIAL_CASE_COLUMN_NAME", "INITIAL_LOWERCASE_COLUMN_NAME", "WEIGHT_ORDER", "DT_ID") VALUES ('1990523f-969b-4fb3-921d-9849d8d1608b', 'NAME_PATH', '名称路径', 'VARCHAR2', 'y', 'NamePath', 'namePath', '5', '52acffe1-a011-46f0-8998-8c29339934e3');
INSERT INTO "PRO_COLUMNS"("COLUMNS_ID", "COLUMN_NAME", "COLUMN_NAME_ANNOTATION", "DATA_TYPE", "IS_NULL", "INITIAL_CASE_COLUMN_NAME", "INITIAL_LOWERCASE_COLUMN_NAME", "WEIGHT_ORDER", "DT_ID") VALUES ('dd9a248a-7fd3-4b38-b076-d81e6b9876ef', 'WEIGHT_ORDER', '排序权重', 'NUMBER11', 'y', 'WeightOrder', 'weightOrder', '6', '52acffe1-a011-46f0-8998-8c29339934e3');
INSERT INTO "PRO_COLUMNS"("COLUMNS_ID", "COLUMN_NAME", "COLUMN_NAME_ANNOTATION", "DATA_TYPE", "IS_NULL", "INITIAL_CASE_COLUMN_NAME", "INITIAL_LOWERCASE_COLUMN_NAME", "WEIGHT_ORDER", "DT_ID") VALUES ('0a53a516-5331-424b-808b-df841bfdba1f', 'ORG_PID', '上级组织机构编号', 'VARCHAR2', 'y', 'OrgPid', 'orgPid', '7', '52acffe1-a011-46f0-8998-8c29339934e3');
INSERT INTO "PRO_COLUMNS"("COLUMNS_ID", "COLUMN_NAME", "COLUMN_NAME_ANNOTATION", "DATA_TYPE", "IS_NULL", "INITIAL_CASE_COLUMN_NAME", "INITIAL_LOWERCASE_COLUMN_NAME", "WEIGHT_ORDER", "DT_ID") VALUES ('9276588b-6dee-4348-a27c-b22ef7eca7b6', 'VERSIONS', '版本号', 'NUMBER11', 'n', 'Versions', 'versions', '8', '52acffe1-a011-46f0-8998-8c29339934e3');
INSERT INTO "PRO_COLUMNS"("COLUMNS_ID", "COLUMN_NAME", "COLUMN_NAME_ANNOTATION", "DATA_TYPE", "IS_NULL", "INITIAL_CASE_COLUMN_NAME", "INITIAL_LOWERCASE_COLUMN_NAME", "WEIGHT_ORDER", "DT_ID") VALUES ('f9f81ca5-227f-4774-8e66-9cfe4e86f03b', 'CREATE_ID', '创建人账号', 'VARCHAR2', 'n', 'CreateId', 'createId', '9', '52acffe1-a011-46f0-8998-8c29339934e3');
INSERT INTO "PRO_COLUMNS"("COLUMNS_ID", "COLUMN_NAME", "COLUMN_NAME_ANNOTATION", "DATA_TYPE", "IS_NULL", "INITIAL_CASE_COLUMN_NAME", "INITIAL_LOWERCASE_COLUMN_NAME", "WEIGHT_ORDER", "DT_ID") VALUES ('cf2adf34-6937-44e7-852f-254f78ab08e4', 'CREATE_NAME', '创建人名称', 'VARCHAR2', 'n', 'CreateName', 'createName', '10', '52acffe1-a011-46f0-8998-8c29339934e3');
INSERT INTO "PRO_COLUMNS"("COLUMNS_ID", "COLUMN_NAME", "COLUMN_NAME_ANNOTATION", "DATA_TYPE", "IS_NULL", "INITIAL_CASE_COLUMN_NAME", "INITIAL_LOWERCASE_COLUMN_NAME", "WEIGHT_ORDER", "DT_ID") VALUES ('b3899fdd-b3e3-4108-8248-16158785f7b1', 'CREATE_TIMES', '创建时间', 'NUMBER20', 'n', 'CreateTimes', 'createTimes', '11', '52acffe1-a011-46f0-8998-8c29339934e3');
INSERT INTO "PRO_COLUMNS"("COLUMNS_ID", "COLUMN_NAME", "COLUMN_NAME_ANNOTATION", "DATA_TYPE", "IS_NULL", "INITIAL_CASE_COLUMN_NAME", "INITIAL_LOWERCASE_COLUMN_NAME", "WEIGHT_ORDER", "DT_ID") VALUES ('92427562-fdea-4fc9-afe5-ff1102f388ad', 'MODIFY_ID', '修改人账号', 'VARCHAR2', 'y', 'ModifyId', 'modifyId', '12', '52acffe1-a011-46f0-8998-8c29339934e3');
INSERT INTO "PRO_COLUMNS"("COLUMNS_ID", "COLUMN_NAME", "COLUMN_NAME_ANNOTATION", "DATA_TYPE", "IS_NULL", "INITIAL_CASE_COLUMN_NAME", "INITIAL_LOWERCASE_COLUMN_NAME", "WEIGHT_ORDER", "DT_ID") VALUES ('5618aa62-3440-47a1-896e-eb910dec0321', 'MODIFY_NAME', '修改人名称', 'VARCHAR2', 'y', 'ModifyName', 'modifyName', '13', '52acffe1-a011-46f0-8998-8c29339934e3');
INSERT INTO "PRO_COLUMNS"("COLUMNS_ID", "COLUMN_NAME", "COLUMN_NAME_ANNOTATION", "DATA_TYPE", "IS_NULL", "INITIAL_CASE_COLUMN_NAME", "INITIAL_LOWERCASE_COLUMN_NAME", "WEIGHT_ORDER", "DT_ID") VALUES ('1c6a4aa9-b9ac-4c3d-af48-01e61797667b', 'MODIFY_TIMES', '修改时间', 'NUMBER20', 'y', 'ModifyTimes', 'modifyTimes', '14', '52acffe1-a011-46f0-8998-8c29339934e3');

INSERT INTO "PRO_PK"("PK_ID", "DT_ID", "COLUMNS_ID") VALUES ('b0956b24-00cc-45bc-bfe9-c2efda661649', '52acffe1-a011-46f0-8998-8c29339934e3', 'b9dc5aff-cad7-493a-b164-32ccfd6e46ec');

INSERT INTO "PRO_QUERY"("QUERY_ID", "QUERY_TYPE", "DT_ID", "COLUMNS_ID", "WEIGHT_ORDER") VALUES ('df63dd38-7ca9-403e-b679-030eae3598eb', 'Andin', '52acffe1-a011-46f0-8998-8c29339934e3', 'b9dc5aff-cad7-493a-b164-32ccfd6e46ec', '1');
INSERT INTO "PRO_QUERY"("QUERY_ID", "QUERY_TYPE", "DT_ID", "COLUMNS_ID", "WEIGHT_ORDER") VALUES ('e9acc716-f865-4759-8f32-e20261c75533', 'AndKeyLike', '52acffe1-a011-46f0-8998-8c29339934e3', '21a62c47-63e5-4f8f-a1b9-ce445ae5d0e0', '2');
INSERT INTO "PRO_QUERY"("QUERY_ID", "QUERY_TYPE", "DT_ID", "COLUMNS_ID", "WEIGHT_ORDER") VALUES ('70a3c7e5-7fd5-47ee-9e5a-fe27d3958ec0', 'OrKeyLike', '52acffe1-a011-46f0-8998-8c29339934e3', 'f8506026-ee2c-4b77-981b-46ff63586c94', '3');
INSERT INTO "PRO_QUERY"("QUERY_ID", "QUERY_TYPE", "DT_ID", "COLUMNS_ID", "WEIGHT_ORDER") VALUES ('23e5de12-ebaa-441d-a244-080086868ef1', 'OrKeyLike', '52acffe1-a011-46f0-8998-8c29339934e3', '3d2549a6-bc2e-4866-890b-e9ac75323a93', '4');
INSERT INTO "PRO_QUERY"("QUERY_ID", "QUERY_TYPE", "DT_ID", "COLUMNS_ID", "WEIGHT_ORDER") VALUES ('5111eb50-b146-4622-b67b-d167c7a1bf4f', 'OrKeyLike', '52acffe1-a011-46f0-8998-8c29339934e3', '1990523f-969b-4fb3-921d-9849d8d1608b', '5');
INSERT INTO "PRO_QUERY"("QUERY_ID", "QUERY_TYPE", "DT_ID", "COLUMNS_ID", "WEIGHT_ORDER") VALUES ('14bdbb23-60a9-4f98-b168-21bbc2c563e0', 'OrKeyLike', '52acffe1-a011-46f0-8998-8c29339934e3', '0a53a516-5331-424b-808b-df841bfdba1f', '6');
INSERT INTO "PRO_QUERY"("QUERY_ID", "QUERY_TYPE", "DT_ID", "COLUMNS_ID", "WEIGHT_ORDER") VALUES ('693ff62c-6b06-443d-a7b8-3ece2a2c361d', 'OrKeyLike', '52acffe1-a011-46f0-8998-8c29339934e3', 'f9f81ca5-227f-4774-8e66-9cfe4e86f03b', '7');
INSERT INTO "PRO_QUERY"("QUERY_ID", "QUERY_TYPE", "DT_ID", "COLUMNS_ID", "WEIGHT_ORDER") VALUES ('c4bae116-a51b-46b0-a440-4c325c56e166', 'OrKeyLike', '52acffe1-a011-46f0-8998-8c29339934e3', 'cf2adf34-6937-44e7-852f-254f78ab08e4', '8');
INSERT INTO "PRO_QUERY"("QUERY_ID", "QUERY_TYPE", "DT_ID", "COLUMNS_ID", "WEIGHT_ORDER") VALUES ('3f2142de-5d18-4016-a224-92b940c81c56', 'OrKeyLike', '52acffe1-a011-46f0-8998-8c29339934e3', '92427562-fdea-4fc9-afe5-ff1102f388ad', '9');
INSERT INTO "PRO_QUERY"("QUERY_ID", "QUERY_TYPE", "DT_ID", "COLUMNS_ID", "WEIGHT_ORDER") VALUES ('58520f94-96d4-4640-b62b-d435142a3ec5', 'OrKeyLike', '52acffe1-a011-46f0-8998-8c29339934e3', '5618aa62-3440-47a1-896e-eb910dec0321', '10');

INSERT INTO "PRO_SORT"("SORT_ID", "SORT_RULE", "DT_ID", "COLUMNS_ID") VALUES ('3abe6546-6e71-40a6-8231-bbe6a7d1e9de', 'ASC', '52acffe1-a011-46f0-8998-8c29339934e3', 'dd9a248a-7fd3-4b38-b076-d81e6b9876ef');


/* 岗位 [ SYS_POST ] */

INSERT INTO "PRO_DT"("DT_ID", "DT_SQL", "DT_NAME", "DT_NAME_ANNOTATION", "DT_PREFIX", "INITIAL_CASE_ENTITY_NAME", "INITIAL_LOWERCASE_ENTITY_NAME", "PRO_PATH", "PRO_ALL_NAME") VALUES ('252dcaf0-1fad-4fe1-8eb1-d3b41d3f3e7b', 'SYS_POST', 'SYS_POST', '岗位', 'SYS_', 'Post', 'post', '/Users/moonnow/wode/cs/1', 'sign');

INSERT INTO "PRO_COLUMNS"("COLUMNS_ID", "COLUMN_NAME", "COLUMN_NAME_ANNOTATION", "DATA_TYPE", "IS_NULL", "INITIAL_CASE_COLUMN_NAME", "INITIAL_LOWERCASE_COLUMN_NAME", "WEIGHT_ORDER", "DT_ID") VALUES ('dab740e5-5714-43c9-9ceb-88d1b12a100c', 'POST_ID', '岗位编号', 'VARCHAR2', 'n', 'PostId', 'postId', '1', '252dcaf0-1fad-4fe1-8eb1-d3b41d3f3e7b');
INSERT INTO "PRO_COLUMNS"("COLUMNS_ID", "COLUMN_NAME", "COLUMN_NAME_ANNOTATION", "DATA_TYPE", "IS_NULL", "INITIAL_CASE_COLUMN_NAME", "INITIAL_LOWERCASE_COLUMN_NAME", "WEIGHT_ORDER", "DT_ID") VALUES ('99309150-f369-492c-bf49-efdc145ae87b', 'POST_NAME', '岗位名称', 'VARCHAR2', 'n', 'PostName', 'postName', '2', '252dcaf0-1fad-4fe1-8eb1-d3b41d3f3e7b');
INSERT INTO "PRO_COLUMNS"("COLUMNS_ID", "COLUMN_NAME", "COLUMN_NAME_ANNOTATION", "DATA_TYPE", "IS_NULL", "INITIAL_CASE_COLUMN_NAME", "INITIAL_LOWERCASE_COLUMN_NAME", "WEIGHT_ORDER", "DT_ID") VALUES ('9f511cb5-f08e-430b-a2a9-07576c1fd33c', 'WEIGHT_ORDER', '排序权重', 'NUMBER11', 'y', 'WeightOrder', 'weightOrder', '3', '252dcaf0-1fad-4fe1-8eb1-d3b41d3f3e7b');
INSERT INTO "PRO_COLUMNS"("COLUMNS_ID", "COLUMN_NAME", "COLUMN_NAME_ANNOTATION", "DATA_TYPE", "IS_NULL", "INITIAL_CASE_COLUMN_NAME", "INITIAL_LOWERCASE_COLUMN_NAME", "WEIGHT_ORDER", "DT_ID") VALUES ('9563128f-2614-4d3e-a888-83190ca6830e', 'ORG_ID', '组织机构编号', 'VARCHAR2', 'n', 'OrgId', 'orgId', '4', '252dcaf0-1fad-4fe1-8eb1-d3b41d3f3e7b');
INSERT INTO "PRO_COLUMNS"("COLUMNS_ID", "COLUMN_NAME", "COLUMN_NAME_ANNOTATION", "DATA_TYPE", "IS_NULL", "INITIAL_CASE_COLUMN_NAME", "INITIAL_LOWERCASE_COLUMN_NAME", "WEIGHT_ORDER", "DT_ID") VALUES ('8ce172ff-577a-4c58-a347-8ea90ad83340', 'VERSIONS', '版本号', 'NUMBER11', 'n', 'Versions', 'versions', '5', '252dcaf0-1fad-4fe1-8eb1-d3b41d3f3e7b');
INSERT INTO "PRO_COLUMNS"("COLUMNS_ID", "COLUMN_NAME", "COLUMN_NAME_ANNOTATION", "DATA_TYPE", "IS_NULL", "INITIAL_CASE_COLUMN_NAME", "INITIAL_LOWERCASE_COLUMN_NAME", "WEIGHT_ORDER", "DT_ID") VALUES ('762407b2-4d17-44ed-b075-4dc9723e530a', 'CREATE_ID', '创建人账号', 'VARCHAR2', 'n', 'CreateId', 'createId', '6', '252dcaf0-1fad-4fe1-8eb1-d3b41d3f3e7b');
INSERT INTO "PRO_COLUMNS"("COLUMNS_ID", "COLUMN_NAME", "COLUMN_NAME_ANNOTATION", "DATA_TYPE", "IS_NULL", "INITIAL_CASE_COLUMN_NAME", "INITIAL_LOWERCASE_COLUMN_NAME", "WEIGHT_ORDER", "DT_ID") VALUES ('e4e3d982-67d4-4d40-9291-73c5118bd6bf', 'CREATE_NAME', '创建人名称', 'VARCHAR2', 'n', 'CreateName', 'createName', '7', '252dcaf0-1fad-4fe1-8eb1-d3b41d3f3e7b');
INSERT INTO "PRO_COLUMNS"("COLUMNS_ID", "COLUMN_NAME", "COLUMN_NAME_ANNOTATION", "DATA_TYPE", "IS_NULL", "INITIAL_CASE_COLUMN_NAME", "INITIAL_LOWERCASE_COLUMN_NAME", "WEIGHT_ORDER", "DT_ID") VALUES ('0ff21119-79bd-4256-9f65-0b677cc6fe43', 'CREATE_TIMES', '创建时间', 'NUMBER20', 'n', 'CreateTimes', 'createTimes', '8', '252dcaf0-1fad-4fe1-8eb1-d3b41d3f3e7b');
INSERT INTO "PRO_COLUMNS"("COLUMNS_ID", "COLUMN_NAME", "COLUMN_NAME_ANNOTATION", "DATA_TYPE", "IS_NULL", "INITIAL_CASE_COLUMN_NAME", "INITIAL_LOWERCASE_COLUMN_NAME", "WEIGHT_ORDER", "DT_ID") VALUES ('fae76b35-21f1-4f05-8638-b87d99231d2f', 'MODIFY_ID', '修改人账号', 'VARCHAR2', 'y', 'ModifyId', 'modifyId', '9', '252dcaf0-1fad-4fe1-8eb1-d3b41d3f3e7b');
INSERT INTO "PRO_COLUMNS"("COLUMNS_ID", "COLUMN_NAME", "COLUMN_NAME_ANNOTATION", "DATA_TYPE", "IS_NULL", "INITIAL_CASE_COLUMN_NAME", "INITIAL_LOWERCASE_COLUMN_NAME", "WEIGHT_ORDER", "DT_ID") VALUES ('599796e4-0954-4bca-b3d3-d04d38dcbe08', 'MODIFY_NAME', '修改人名称', 'VARCHAR2', 'y', 'ModifyName', 'modifyName', '10', '252dcaf0-1fad-4fe1-8eb1-d3b41d3f3e7b');
INSERT INTO "PRO_COLUMNS"("COLUMNS_ID", "COLUMN_NAME", "COLUMN_NAME_ANNOTATION", "DATA_TYPE", "IS_NULL", "INITIAL_CASE_COLUMN_NAME", "INITIAL_LOWERCASE_COLUMN_NAME", "WEIGHT_ORDER", "DT_ID") VALUES ('0cc47d3e-9a54-4d52-b6ff-9e5213a6a962', 'MODIFY_TIMES', '修改时间', 'NUMBER20', 'y', 'ModifyTimes', 'modifyTimes', '11', '252dcaf0-1fad-4fe1-8eb1-d3b41d3f3e7b');

INSERT INTO "PRO_PK"("PK_ID", "DT_ID", "COLUMNS_ID") VALUES ('70c6c682-b81a-491f-89da-4f3bfcb3029a', '252dcaf0-1fad-4fe1-8eb1-d3b41d3f3e7b', 'dab740e5-5714-43c9-9ceb-88d1b12a100c');

INSERT INTO "PRO_QUERY"("QUERY_ID", "QUERY_TYPE", "DT_ID", "COLUMNS_ID", "WEIGHT_ORDER") VALUES ('ef54391b-b63d-4840-aded-880c74e68076', 'Andin', '252dcaf0-1fad-4fe1-8eb1-d3b41d3f3e7b', 'dab740e5-5714-43c9-9ceb-88d1b12a100c', '1');
INSERT INTO "PRO_QUERY"("QUERY_ID", "QUERY_TYPE", "DT_ID", "COLUMNS_ID", "WEIGHT_ORDER") VALUES ('43e07575-17a8-45e5-8edd-cc3318ae9344', 'Andeq', '252dcaf0-1fad-4fe1-8eb1-d3b41d3f3e7b', '99309150-f369-492c-bf49-efdc145ae87b', '2');
INSERT INTO "PRO_QUERY"("QUERY_ID", "QUERY_TYPE", "DT_ID", "COLUMNS_ID", "WEIGHT_ORDER") VALUES ('7e2f9fc6-0a0e-40e7-a895-e522394d36a0', 'Andeq', '252dcaf0-1fad-4fe1-8eb1-d3b41d3f3e7b', '9563128f-2614-4d3e-a888-83190ca6830e', '3');
INSERT INTO "PRO_QUERY"("QUERY_ID", "QUERY_TYPE", "DT_ID", "COLUMNS_ID", "WEIGHT_ORDER") VALUES ('3ae547db-a096-47a2-a4d3-f822a822c91e', 'AndKeyLike', '252dcaf0-1fad-4fe1-8eb1-d3b41d3f3e7b', '99309150-f369-492c-bf49-efdc145ae87b', '4');
INSERT INTO "PRO_QUERY"("QUERY_ID", "QUERY_TYPE", "DT_ID", "COLUMNS_ID", "WEIGHT_ORDER") VALUES ('e4975ed9-ef85-4d58-ac54-44abf3222979', 'OrKeyLike', '252dcaf0-1fad-4fe1-8eb1-d3b41d3f3e7b', '9563128f-2614-4d3e-a888-83190ca6830e', '5');
INSERT INTO "PRO_QUERY"("QUERY_ID", "QUERY_TYPE", "DT_ID", "COLUMNS_ID", "WEIGHT_ORDER") VALUES ('e4eb7df0-4476-4e0b-a4d6-0e209b2220b1', 'OrKeyLike', '252dcaf0-1fad-4fe1-8eb1-d3b41d3f3e7b', '762407b2-4d17-44ed-b075-4dc9723e530a', '6');
INSERT INTO "PRO_QUERY"("QUERY_ID", "QUERY_TYPE", "DT_ID", "COLUMNS_ID", "WEIGHT_ORDER") VALUES ('8c989206-4951-47a6-9399-b02c7f050fe9', 'OrKeyLike', '252dcaf0-1fad-4fe1-8eb1-d3b41d3f3e7b', 'e4e3d982-67d4-4d40-9291-73c5118bd6bf', '7');
INSERT INTO "PRO_QUERY"("QUERY_ID", "QUERY_TYPE", "DT_ID", "COLUMNS_ID", "WEIGHT_ORDER") VALUES ('de8267df-7377-4f2a-b5da-557f5d2ad8eb', 'OrKeyLike', '252dcaf0-1fad-4fe1-8eb1-d3b41d3f3e7b', 'fae76b35-21f1-4f05-8638-b87d99231d2f', '8');
INSERT INTO "PRO_QUERY"("QUERY_ID", "QUERY_TYPE", "DT_ID", "COLUMNS_ID", "WEIGHT_ORDER") VALUES ('84fdd154-ac1d-4bfc-aa93-37442eea3f43', 'OrKeyLike', '252dcaf0-1fad-4fe1-8eb1-d3b41d3f3e7b', '599796e4-0954-4bca-b3d3-d04d38dcbe08', '9');

INSERT INTO "PRO_SORT"("SORT_ID", "SORT_RULE", "DT_ID", "COLUMNS_ID") VALUES ('51269464-065a-4aa7-8f1d-b34e39df8403', 'ASC', '252dcaf0-1fad-4fe1-8eb1-d3b41d3f3e7b', '9f511cb5-f08e-430b-a2a9-07576c1fd33c');

INSERT INTO "PRO_VIRTUAL_COLUMNS"("VIRTUAL_COLUMNS_ID", "SOURCE_DT_ID", "TARGET_DT_ID", "SOURCE_COLUMNS_ID", "TARGET_COLUMNS_ID", "TARGET_DISPLAY_COLUMNS_ID", "DISPLAY_COLUMNS_ALIAS", "VIRTUAL_COLUMNS_SQL", "WEIGHT_ORDER") VALUES ('d02b253b-680d-450e-8fba-c5e2bc818854', '252dcaf0-1fad-4fe1-8eb1-d3b41d3f3e7b', '52acffe1-a011-46f0-8998-8c29339934e3', '9563128f-2614-4d3e-a888-83190ca6830e', 'b9dc5aff-cad7-493a-b164-32ccfd6e46ec', '1990523f-969b-4fb3-921d-9849d8d1608b', 'NAME_PATH', '( SELECT org.NAME_PATH FROM SYS_ORG org WHERE org.ORG_ID IS NOT NULL AND org.ORG_ID = post.ORG_ID ) AS NAME_PATH', '1');


/* 员工 [ SYS_STAFF ] */

INSERT INTO "PRO_DT"("DT_ID", "DT_SQL", "DT_NAME", "DT_NAME_ANNOTATION", "DT_PREFIX", "INITIAL_CASE_ENTITY_NAME", "INITIAL_LOWERCASE_ENTITY_NAME", "PRO_PATH", "PRO_ALL_NAME") VALUES ('1fd2c6fa-ec37-452b-9da4-b95501ef1619', 'SYS_STAFF', 'SYS_STAFF', '员工', 'SYS_', 'Staff', 'staff', '/Users/moonnow/wode/cs/1', 'sign');

INSERT INTO "PRO_COLUMNS"("COLUMNS_ID", "COLUMN_NAME", "COLUMN_NAME_ANNOTATION", "DATA_TYPE", "IS_NULL", "INITIAL_CASE_COLUMN_NAME", "INITIAL_LOWERCASE_COLUMN_NAME", "WEIGHT_ORDER", "DT_ID") VALUES ('45bb6ce0-51bb-46ce-b203-6cef6e6d6645', 'STAFF_ID', '员工编号', 'VARCHAR2', 'n', 'StaffId', 'staffId', '1', '1fd2c6fa-ec37-452b-9da4-b95501ef1619');
INSERT INTO "PRO_COLUMNS"("COLUMNS_ID", "COLUMN_NAME", "COLUMN_NAME_ANNOTATION", "DATA_TYPE", "IS_NULL", "INITIAL_CASE_COLUMN_NAME", "INITIAL_LOWERCASE_COLUMN_NAME", "WEIGHT_ORDER", "DT_ID") VALUES ('36abf5df-d020-4900-9a7f-ee3ed5db9a16', 'STAFF_NO', '员工工号', 'VARCHAR2', 'n', 'StaffNo', 'staffNo', '2', '1fd2c6fa-ec37-452b-9da4-b95501ef1619');
INSERT INTO "PRO_COLUMNS"("COLUMNS_ID", "COLUMN_NAME", "COLUMN_NAME_ANNOTATION", "DATA_TYPE", "IS_NULL", "INITIAL_CASE_COLUMN_NAME", "INITIAL_LOWERCASE_COLUMN_NAME", "WEIGHT_ORDER", "DT_ID") VALUES ('3adf7a4a-5505-4929-9201-30474dcd216c', 'STAFF_NAME', '员工姓名', 'VARCHAR2', 'n', 'StaffName', 'staffName', '3', '1fd2c6fa-ec37-452b-9da4-b95501ef1619');
INSERT INTO "PRO_COLUMNS"("COLUMNS_ID", "COLUMN_NAME", "COLUMN_NAME_ANNOTATION", "DATA_TYPE", "IS_NULL", "INITIAL_CASE_COLUMN_NAME", "INITIAL_LOWERCASE_COLUMN_NAME", "WEIGHT_ORDER", "DT_ID") VALUES ('400175be-767b-4707-94fb-04d75d8ffb7c', 'MOBILE_PHONE_NUMBER', '手机号', 'VARCHAR2', 'y', 'MobilePhoneNumber', 'mobilePhoneNumber', '4', '1fd2c6fa-ec37-452b-9da4-b95501ef1619');
INSERT INTO "PRO_COLUMNS"("COLUMNS_ID", "COLUMN_NAME", "COLUMN_NAME_ANNOTATION", "DATA_TYPE", "IS_NULL", "INITIAL_CASE_COLUMN_NAME", "INITIAL_LOWERCASE_COLUMN_NAME", "WEIGHT_ORDER", "DT_ID") VALUES ('b50e0765-5b53-4f3a-9e22-dfc20072de9e', 'GENDER', '性别', 'VARCHAR2', 'y', 'Gender', 'gender', '5', '1fd2c6fa-ec37-452b-9da4-b95501ef1619');
INSERT INTO "PRO_COLUMNS"("COLUMNS_ID", "COLUMN_NAME", "COLUMN_NAME_ANNOTATION", "DATA_TYPE", "IS_NULL", "INITIAL_CASE_COLUMN_NAME", "INITIAL_LOWERCASE_COLUMN_NAME", "WEIGHT_ORDER", "DT_ID") VALUES ('8eeaf549-4e1b-4a03-ae4c-66d0daeff35e', 'EMERGENCY_CONTACT_NAME', '紧急联系人姓名', 'VARCHAR2', 'y', 'EmergencyContactName', 'emergencyContactName', '6', '1fd2c6fa-ec37-452b-9da4-b95501ef1619');
INSERT INTO "PRO_COLUMNS"("COLUMNS_ID", "COLUMN_NAME", "COLUMN_NAME_ANNOTATION", "DATA_TYPE", "IS_NULL", "INITIAL_CASE_COLUMN_NAME", "INITIAL_LOWERCASE_COLUMN_NAME", "WEIGHT_ORDER", "DT_ID") VALUES ('7831687c-d79c-42dd-8448-8d5c399fb893', 'EMERG_CONT_MOBILE_PHONE_NUMBER', '紧急联系人手机号', 'VARCHAR2', 'y', 'EmergContMobilePhoneNumber', 'emergContMobilePhoneNumber', '7', '1fd2c6fa-ec37-452b-9da4-b95501ef1619');
INSERT INTO "PRO_COLUMNS"("COLUMNS_ID", "COLUMN_NAME", "COLUMN_NAME_ANNOTATION", "DATA_TYPE", "IS_NULL", "INITIAL_CASE_COLUMN_NAME", "INITIAL_LOWERCASE_COLUMN_NAME", "WEIGHT_ORDER", "DT_ID") VALUES ('5df27583-4831-4add-8f82-2565bb6860c0', 'WEIGHT_ORDER', '排序权重', 'NUMBER11', 'y', 'WeightOrder', 'weightOrder', '8', '1fd2c6fa-ec37-452b-9da4-b95501ef1619');
INSERT INTO "PRO_COLUMNS"("COLUMNS_ID", "COLUMN_NAME", "COLUMN_NAME_ANNOTATION", "DATA_TYPE", "IS_NULL", "INITIAL_CASE_COLUMN_NAME", "INITIAL_LOWERCASE_COLUMN_NAME", "WEIGHT_ORDER", "DT_ID") VALUES ('27bb6121-28ad-4e74-8426-407af6cd6f09', 'DESCRIPTION', '描述', 'VARCHAR2', 'y', 'Description', 'description', '9', '1fd2c6fa-ec37-452b-9da4-b95501ef1619');
INSERT INTO "PRO_COLUMNS"("COLUMNS_ID", "COLUMN_NAME", "COLUMN_NAME_ANNOTATION", "DATA_TYPE", "IS_NULL", "INITIAL_CASE_COLUMN_NAME", "INITIAL_LOWERCASE_COLUMN_NAME", "WEIGHT_ORDER", "DT_ID") VALUES ('575ef769-4092-4893-a919-c285e9730b4b', 'VERSIONS', '版本号', 'NUMBER11', 'n', 'Versions', 'versions', '10', '1fd2c6fa-ec37-452b-9da4-b95501ef1619');
INSERT INTO "PRO_COLUMNS"("COLUMNS_ID", "COLUMN_NAME", "COLUMN_NAME_ANNOTATION", "DATA_TYPE", "IS_NULL", "INITIAL_CASE_COLUMN_NAME", "INITIAL_LOWERCASE_COLUMN_NAME", "WEIGHT_ORDER", "DT_ID") VALUES ('233592f3-355d-4227-abed-c6e653c683d6', 'CREATE_ID', '创建人账号', 'VARCHAR2', 'n', 'CreateId', 'createId', '11', '1fd2c6fa-ec37-452b-9da4-b95501ef1619');
INSERT INTO "PRO_COLUMNS"("COLUMNS_ID", "COLUMN_NAME", "COLUMN_NAME_ANNOTATION", "DATA_TYPE", "IS_NULL", "INITIAL_CASE_COLUMN_NAME", "INITIAL_LOWERCASE_COLUMN_NAME", "WEIGHT_ORDER", "DT_ID") VALUES ('0db0bb14-e66d-4bfb-b320-84c634af4aaf', 'CREATE_NAME', '创建人名称', 'VARCHAR2', 'n', 'CreateName', 'createName', '12', '1fd2c6fa-ec37-452b-9da4-b95501ef1619');
INSERT INTO "PRO_COLUMNS"("COLUMNS_ID", "COLUMN_NAME", "COLUMN_NAME_ANNOTATION", "DATA_TYPE", "IS_NULL", "INITIAL_CASE_COLUMN_NAME", "INITIAL_LOWERCASE_COLUMN_NAME", "WEIGHT_ORDER", "DT_ID") VALUES ('cf5ed82d-d6c5-4f00-919d-986d8de91084', 'CREATE_TIMES', '创建时间', 'NUMBER20', 'n', 'CreateTimes', 'createTimes', '13', '1fd2c6fa-ec37-452b-9da4-b95501ef1619');
INSERT INTO "PRO_COLUMNS"("COLUMNS_ID", "COLUMN_NAME", "COLUMN_NAME_ANNOTATION", "DATA_TYPE", "IS_NULL", "INITIAL_CASE_COLUMN_NAME", "INITIAL_LOWERCASE_COLUMN_NAME", "WEIGHT_ORDER", "DT_ID") VALUES ('2a18328a-e19b-4623-b9fd-2d337426811e', 'MODIFY_ID', '修改人账号', 'VARCHAR2', 'y', 'ModifyId', 'modifyId', '14', '1fd2c6fa-ec37-452b-9da4-b95501ef1619');
INSERT INTO "PRO_COLUMNS"("COLUMNS_ID", "COLUMN_NAME", "COLUMN_NAME_ANNOTATION", "DATA_TYPE", "IS_NULL", "INITIAL_CASE_COLUMN_NAME", "INITIAL_LOWERCASE_COLUMN_NAME", "WEIGHT_ORDER", "DT_ID") VALUES ('d14a1200-7cbe-4629-975f-67a1e4d2770b', 'MODIFY_NAME', '修改人名称', 'VARCHAR2', 'y', 'ModifyName', 'modifyName', '15', '1fd2c6fa-ec37-452b-9da4-b95501ef1619');
INSERT INTO "PRO_COLUMNS"("COLUMNS_ID", "COLUMN_NAME", "COLUMN_NAME_ANNOTATION", "DATA_TYPE", "IS_NULL", "INITIAL_CASE_COLUMN_NAME", "INITIAL_LOWERCASE_COLUMN_NAME", "WEIGHT_ORDER", "DT_ID") VALUES ('f07e372a-2fde-4000-9ca7-df8de0124260', 'MODIFY_TIMES', '修改时间', 'NUMBER20', 'y', 'ModifyTimes', 'modifyTimes', '16', '1fd2c6fa-ec37-452b-9da4-b95501ef1619');

INSERT INTO "PRO_PK"("PK_ID", "DT_ID", "COLUMNS_ID") VALUES ('a1a6af97-41a7-4fa0-b5f9-d7baa8c45a61', '1fd2c6fa-ec37-452b-9da4-b95501ef1619', '45bb6ce0-51bb-46ce-b203-6cef6e6d6645');

INSERT INTO "PRO_QUERY"("QUERY_ID", "QUERY_TYPE", "DT_ID", "COLUMNS_ID", "WEIGHT_ORDER") VALUES ('aabd312d-5b45-4075-b834-28010ba8d13c', 'Andin', '1fd2c6fa-ec37-452b-9da4-b95501ef1619', '45bb6ce0-51bb-46ce-b203-6cef6e6d6645', '1');
INSERT INTO "PRO_QUERY"("QUERY_ID", "QUERY_TYPE", "DT_ID", "COLUMNS_ID", "WEIGHT_ORDER") VALUES ('5118fe64-3f99-4734-82bc-eb95c8805231', 'Andeq', '1fd2c6fa-ec37-452b-9da4-b95501ef1619', '36abf5df-d020-4900-9a7f-ee3ed5db9a16', '2');
INSERT INTO "PRO_QUERY"("QUERY_ID", "QUERY_TYPE", "DT_ID", "COLUMNS_ID", "WEIGHT_ORDER") VALUES ('48e8c8f8-f37f-4383-ad2a-380a72d10ae3', 'AndKeyLike', '1fd2c6fa-ec37-452b-9da4-b95501ef1619', '36abf5df-d020-4900-9a7f-ee3ed5db9a16', '3');
INSERT INTO "PRO_QUERY"("QUERY_ID", "QUERY_TYPE", "DT_ID", "COLUMNS_ID", "WEIGHT_ORDER") VALUES ('c6b70956-b67c-42f4-b532-82a1591bc5a6', 'OrKeyLike', '1fd2c6fa-ec37-452b-9da4-b95501ef1619', '3adf7a4a-5505-4929-9201-30474dcd216c', '4');
INSERT INTO "PRO_QUERY"("QUERY_ID", "QUERY_TYPE", "DT_ID", "COLUMNS_ID", "WEIGHT_ORDER") VALUES ('7c981972-6cbb-423b-9ab5-bdf028cfd8ac', 'OrKeyLike', '1fd2c6fa-ec37-452b-9da4-b95501ef1619', '400175be-767b-4707-94fb-04d75d8ffb7c', '5');
INSERT INTO "PRO_QUERY"("QUERY_ID", "QUERY_TYPE", "DT_ID", "COLUMNS_ID", "WEIGHT_ORDER") VALUES ('7d4328f3-a62f-4fa8-a726-1dc8ca2dca82', 'OrKeyLike', '1fd2c6fa-ec37-452b-9da4-b95501ef1619', 'b50e0765-5b53-4f3a-9e22-dfc20072de9e', '6');
INSERT INTO "PRO_QUERY"("QUERY_ID", "QUERY_TYPE", "DT_ID", "COLUMNS_ID", "WEIGHT_ORDER") VALUES ('473dba5d-2711-4498-9ab9-d756731fab2b', 'OrKeyLike', '1fd2c6fa-ec37-452b-9da4-b95501ef1619', '8eeaf549-4e1b-4a03-ae4c-66d0daeff35e', '7');
INSERT INTO "PRO_QUERY"("QUERY_ID", "QUERY_TYPE", "DT_ID", "COLUMNS_ID", "WEIGHT_ORDER") VALUES ('d2891d43-dcd3-49fd-8809-84d4b9213e16', 'OrKeyLike', '1fd2c6fa-ec37-452b-9da4-b95501ef1619', '7831687c-d79c-42dd-8448-8d5c399fb893', '8');
INSERT INTO "PRO_QUERY"("QUERY_ID", "QUERY_TYPE", "DT_ID", "COLUMNS_ID", "WEIGHT_ORDER") VALUES ('80341b46-77e7-4b77-b42a-e49f66502170', 'OrKeyLike', '1fd2c6fa-ec37-452b-9da4-b95501ef1619', '27bb6121-28ad-4e74-8426-407af6cd6f09', '9');
INSERT INTO "PRO_QUERY"("QUERY_ID", "QUERY_TYPE", "DT_ID", "COLUMNS_ID", "WEIGHT_ORDER") VALUES ('9f68f20e-960a-4873-b288-dbde71385e2f', 'OrKeyLike', '1fd2c6fa-ec37-452b-9da4-b95501ef1619', '233592f3-355d-4227-abed-c6e653c683d6', '10');
INSERT INTO "PRO_QUERY"("QUERY_ID", "QUERY_TYPE", "DT_ID", "COLUMNS_ID", "WEIGHT_ORDER") VALUES ('87d80ddf-cbd9-41ae-8ef2-fb9881fc102f', 'OrKeyLike', '1fd2c6fa-ec37-452b-9da4-b95501ef1619', '0db0bb14-e66d-4bfb-b320-84c634af4aaf', '11');
INSERT INTO "PRO_QUERY"("QUERY_ID", "QUERY_TYPE", "DT_ID", "COLUMNS_ID", "WEIGHT_ORDER") VALUES ('a5927516-30f2-48a0-84f4-a3460f4e4cb5', 'OrKeyLike', '1fd2c6fa-ec37-452b-9da4-b95501ef1619', '2a18328a-e19b-4623-b9fd-2d337426811e', '12');
INSERT INTO "PRO_QUERY"("QUERY_ID", "QUERY_TYPE", "DT_ID", "COLUMNS_ID", "WEIGHT_ORDER") VALUES ('cd2e9fe2-c74a-43f1-96e8-95a754af81de', 'OrKeyLike', '1fd2c6fa-ec37-452b-9da4-b95501ef1619', 'd14a1200-7cbe-4629-975f-67a1e4d2770b', '13');

INSERT INTO "PRO_SORT"("SORT_ID", "SORT_RULE", "DT_ID", "COLUMNS_ID") VALUES ('f414d52e-7d9a-4b74-b9ea-5eb584a0ceb4', 'ASC', '1fd2c6fa-ec37-452b-9da4-b95501ef1619', '5df27583-4831-4add-8f82-2565bb6860c0');


/* 岗位员工 [ SYS_POST_STAFF_NEXUS ] */

INSERT INTO "PRO_DT"("DT_ID", "DT_SQL", "DT_NAME", "DT_NAME_ANNOTATION", "DT_PREFIX", "INITIAL_CASE_ENTITY_NAME", "INITIAL_LOWERCASE_ENTITY_NAME", "PRO_PATH", "PRO_ALL_NAME") VALUES ('a3780fa8-9151-4e47-8910-4cb6c97ba322', 'SYS_POST_STAFF_NEXUS', 'SYS_POST_STAFF_NEXUS', '岗位员工', 'SYS_', 'PostStaffNexus', 'postStaffNexus', '/Users/moonnow/wode/cs/1', 'sign');

INSERT INTO "PRO_COLUMNS"("COLUMNS_ID", "COLUMN_NAME", "COLUMN_NAME_ANNOTATION", "DATA_TYPE", "IS_NULL", "INITIAL_CASE_COLUMN_NAME", "INITIAL_LOWERCASE_COLUMN_NAME", "WEIGHT_ORDER", "DT_ID") VALUES ('00ddec73-4662-4943-b570-546aee413684', 'DEFAULT_POST', '默认岗位', 'VARCHAR2', 'y', 'DefaultPost', 'defaultPost', '4', 'a3780fa8-9151-4e47-8910-4cb6c97ba322');
INSERT INTO "PRO_COLUMNS"("COLUMNS_ID", "COLUMN_NAME", "COLUMN_NAME_ANNOTATION", "DATA_TYPE", "IS_NULL", "INITIAL_CASE_COLUMN_NAME", "INITIAL_LOWERCASE_COLUMN_NAME", "WEIGHT_ORDER", "DT_ID") VALUES ('da8112ef-87b7-40a8-90b2-f1601ce7ccce', 'NEXUS_ID', '关系编号', 'VARCHAR2', 'n', 'NexusId', 'nexusId', '1', 'a3780fa8-9151-4e47-8910-4cb6c97ba322');
INSERT INTO "PRO_COLUMNS"("COLUMNS_ID", "COLUMN_NAME", "COLUMN_NAME_ANNOTATION", "DATA_TYPE", "IS_NULL", "INITIAL_CASE_COLUMN_NAME", "INITIAL_LOWERCASE_COLUMN_NAME", "WEIGHT_ORDER", "DT_ID") VALUES ('4551fcf9-4568-4e10-adb3-a5c58f582aa3', 'POST_ID', '岗位编号', 'VARCHAR2', 'n', 'PostId', 'postId', '2', 'a3780fa8-9151-4e47-8910-4cb6c97ba322');
INSERT INTO "PRO_COLUMNS"("COLUMNS_ID", "COLUMN_NAME", "COLUMN_NAME_ANNOTATION", "DATA_TYPE", "IS_NULL", "INITIAL_CASE_COLUMN_NAME", "INITIAL_LOWERCASE_COLUMN_NAME", "WEIGHT_ORDER", "DT_ID") VALUES ('39c109d0-ec63-4866-8e97-a95215ef41db', 'STAFF_ID', '员工编号', 'VARCHAR2', 'n', 'StaffId', 'staffId', '3', 'a3780fa8-9151-4e47-8910-4cb6c97ba322');

INSERT INTO "PRO_PK"("PK_ID", "DT_ID", "COLUMNS_ID") VALUES ('ab7af85e-fedf-4799-acda-676021b0ee54', 'a3780fa8-9151-4e47-8910-4cb6c97ba322', 'da8112ef-87b7-40a8-90b2-f1601ce7ccce');

INSERT INTO "PRO_QUERY"("QUERY_ID", "QUERY_TYPE", "DT_ID", "COLUMNS_ID", "WEIGHT_ORDER") VALUES ('163aad87-1bdd-4ebc-a717-8f452fe00dc7', 'Andin', 'a3780fa8-9151-4e47-8910-4cb6c97ba322', 'da8112ef-87b7-40a8-90b2-f1601ce7ccce', '1');
INSERT INTO "PRO_QUERY"("QUERY_ID", "QUERY_TYPE", "DT_ID", "COLUMNS_ID", "WEIGHT_ORDER") VALUES ('d950f236-d931-4da6-b1a5-4aa5fff97714', 'Andeq', 'a3780fa8-9151-4e47-8910-4cb6c97ba322', '4551fcf9-4568-4e10-adb3-a5c58f582aa3', '2');
INSERT INTO "PRO_QUERY"("QUERY_ID", "QUERY_TYPE", "DT_ID", "COLUMNS_ID", "WEIGHT_ORDER") VALUES ('4bd714fc-c2f2-40f9-a913-aabc9e4ee75c', 'Andeq', 'a3780fa8-9151-4e47-8910-4cb6c97ba322', '39c109d0-ec63-4866-8e97-a95215ef41db', '3');
INSERT INTO "PRO_QUERY"("QUERY_ID", "QUERY_TYPE", "DT_ID", "COLUMNS_ID", "WEIGHT_ORDER") VALUES ('6ed2093a-6e19-44bd-a6e4-61ac7fd68769', 'AndKeyLike', 'a3780fa8-9151-4e47-8910-4cb6c97ba322', '4551fcf9-4568-4e10-adb3-a5c58f582aa3', '4');
INSERT INTO "PRO_QUERY"("QUERY_ID", "QUERY_TYPE", "DT_ID", "COLUMNS_ID", "WEIGHT_ORDER") VALUES ('5c3370af-8bb0-47c8-8e45-c22e2a0a6f48', 'OrKeyLike', 'a3780fa8-9151-4e47-8910-4cb6c97ba322', '39c109d0-ec63-4866-8e97-a95215ef41db', '5');
INSERT INTO "PRO_QUERY"("QUERY_ID", "QUERY_TYPE", "DT_ID", "COLUMNS_ID", "WEIGHT_ORDER") VALUES ('890c40dc-45b5-42f6-97d9-2ca1d46d00ce', 'OrKeyLike', 'a3780fa8-9151-4e47-8910-4cb6c97ba322', '00ddec73-4662-4943-b570-546aee413684', '6');


/* 角色 [ SYS_ROLE ] */

INSERT INTO "PRO_DT"("DT_ID", "DT_SQL", "DT_NAME", "DT_NAME_ANNOTATION", "DT_PREFIX", "INITIAL_CASE_ENTITY_NAME", "INITIAL_LOWERCASE_ENTITY_NAME", "PRO_PATH", "PRO_ALL_NAME") VALUES ('517c8bee-58e0-455b-8956-9b2259969605', 'SYS_ROLE', 'SYS_ROLE', '角色', 'SYS_', 'Role', 'role', '/Users/moonnow/wode/cs/1', 'sign');

INSERT INTO "PRO_COLUMNS"("COLUMNS_ID", "COLUMN_NAME", "COLUMN_NAME_ANNOTATION", "DATA_TYPE", "IS_NULL", "INITIAL_CASE_COLUMN_NAME", "INITIAL_LOWERCASE_COLUMN_NAME", "WEIGHT_ORDER", "DT_ID") VALUES ('2460e18f-a381-4bb5-8b19-7ebb46698bec', 'ROLE_ID', '角色编号', 'VARCHAR2', 'n', 'RoleId', 'roleId', '1', '517c8bee-58e0-455b-8956-9b2259969605');
INSERT INTO "PRO_COLUMNS"("COLUMNS_ID", "COLUMN_NAME", "COLUMN_NAME_ANNOTATION", "DATA_TYPE", "IS_NULL", "INITIAL_CASE_COLUMN_NAME", "INITIAL_LOWERCASE_COLUMN_NAME", "WEIGHT_ORDER", "DT_ID") VALUES ('59bfd230-268f-4707-92ea-53b8b704161f', 'ROLE_NAME', '角色名称', 'VARCHAR2', 'n', 'RoleName', 'roleName', '2', '517c8bee-58e0-455b-8956-9b2259969605');
INSERT INTO "PRO_COLUMNS"("COLUMNS_ID", "COLUMN_NAME", "COLUMN_NAME_ANNOTATION", "DATA_TYPE", "IS_NULL", "INITIAL_CASE_COLUMN_NAME", "INITIAL_LOWERCASE_COLUMN_NAME", "WEIGHT_ORDER", "DT_ID") VALUES ('1e794c6d-2d85-4a85-b1a9-35034b81728f', 'ROLE_TYPE', '角色类型', 'VARCHAR2', 'y', 'RoleType', 'roleType', '3', '517c8bee-58e0-455b-8956-9b2259969605');
INSERT INTO "PRO_COLUMNS"("COLUMNS_ID", "COLUMN_NAME", "COLUMN_NAME_ANNOTATION", "DATA_TYPE", "IS_NULL", "INITIAL_CASE_COLUMN_NAME", "INITIAL_LOWERCASE_COLUMN_NAME", "WEIGHT_ORDER", "DT_ID") VALUES ('071fce20-89dc-482e-8885-b64f33a0b081', 'ACCESS_LIST', '权限列表', 'VARCHAR2', 'y', 'AccessList', 'accessList', '4', '517c8bee-58e0-455b-8956-9b2259969605');
INSERT INTO "PRO_COLUMNS"("COLUMNS_ID", "COLUMN_NAME", "COLUMN_NAME_ANNOTATION", "DATA_TYPE", "IS_NULL", "INITIAL_CASE_COLUMN_NAME", "INITIAL_LOWERCASE_COLUMN_NAME", "WEIGHT_ORDER", "DT_ID") VALUES ('36885827-2077-4fc1-8f07-b59901d928e3', 'WEIGHT_ORDER', '排序权重', 'NUMBER11', 'y', 'WeightOrder', 'weightOrder', '5', '517c8bee-58e0-455b-8956-9b2259969605');
INSERT INTO "PRO_COLUMNS"("COLUMNS_ID", "COLUMN_NAME", "COLUMN_NAME_ANNOTATION", "DATA_TYPE", "IS_NULL", "INITIAL_CASE_COLUMN_NAME", "INITIAL_LOWERCASE_COLUMN_NAME", "WEIGHT_ORDER", "DT_ID") VALUES ('65a0c66f-a3e7-49cd-b3af-18b48093742e', 'VERSIONS', '版本号', 'NUMBER11', 'n', 'Versions', 'versions', '6', '517c8bee-58e0-455b-8956-9b2259969605');
INSERT INTO "PRO_COLUMNS"("COLUMNS_ID", "COLUMN_NAME", "COLUMN_NAME_ANNOTATION", "DATA_TYPE", "IS_NULL", "INITIAL_CASE_COLUMN_NAME", "INITIAL_LOWERCASE_COLUMN_NAME", "WEIGHT_ORDER", "DT_ID") VALUES ('29e51493-e182-45f2-8c07-c1c92d8ef985', 'CREATE_ID', '创建人账号', 'VARCHAR2', 'n', 'CreateId', 'createId', '7', '517c8bee-58e0-455b-8956-9b2259969605');
INSERT INTO "PRO_COLUMNS"("COLUMNS_ID", "COLUMN_NAME", "COLUMN_NAME_ANNOTATION", "DATA_TYPE", "IS_NULL", "INITIAL_CASE_COLUMN_NAME", "INITIAL_LOWERCASE_COLUMN_NAME", "WEIGHT_ORDER", "DT_ID") VALUES ('198c7a29-947e-4bc3-bdbc-205ec12441e9', 'CREATE_NAME', '创建人名称', 'VARCHAR2', 'n', 'CreateName', 'createName', '8', '517c8bee-58e0-455b-8956-9b2259969605');
INSERT INTO "PRO_COLUMNS"("COLUMNS_ID", "COLUMN_NAME", "COLUMN_NAME_ANNOTATION", "DATA_TYPE", "IS_NULL", "INITIAL_CASE_COLUMN_NAME", "INITIAL_LOWERCASE_COLUMN_NAME", "WEIGHT_ORDER", "DT_ID") VALUES ('cf26890e-e35c-47c3-9c8c-44f537113c9a', 'CREATE_TIMES', '创建时间', 'NUMBER20', 'n', 'CreateTimes', 'createTimes', '9', '517c8bee-58e0-455b-8956-9b2259969605');
INSERT INTO "PRO_COLUMNS"("COLUMNS_ID", "COLUMN_NAME", "COLUMN_NAME_ANNOTATION", "DATA_TYPE", "IS_NULL", "INITIAL_CASE_COLUMN_NAME", "INITIAL_LOWERCASE_COLUMN_NAME", "WEIGHT_ORDER", "DT_ID") VALUES ('bd8ac777-af2d-445f-96a3-c8b1b75c90dc', 'MODIFY_ID', '修改人账号', 'VARCHAR2', 'y', 'ModifyId', 'modifyId', '10', '517c8bee-58e0-455b-8956-9b2259969605');
INSERT INTO "PRO_COLUMNS"("COLUMNS_ID", "COLUMN_NAME", "COLUMN_NAME_ANNOTATION", "DATA_TYPE", "IS_NULL", "INITIAL_CASE_COLUMN_NAME", "INITIAL_LOWERCASE_COLUMN_NAME", "WEIGHT_ORDER", "DT_ID") VALUES ('4456a653-541d-45f7-a1b9-f7f48a67a0da', 'MODIFY_NAME', '修改人名称', 'VARCHAR2', 'y', 'ModifyName', 'modifyName', '11', '517c8bee-58e0-455b-8956-9b2259969605');
INSERT INTO "PRO_COLUMNS"("COLUMNS_ID", "COLUMN_NAME", "COLUMN_NAME_ANNOTATION", "DATA_TYPE", "IS_NULL", "INITIAL_CASE_COLUMN_NAME", "INITIAL_LOWERCASE_COLUMN_NAME", "WEIGHT_ORDER", "DT_ID") VALUES ('ea9121c6-34dc-432d-9a2d-dcdd6efe66bc', 'MODIFY_TIMES', '修改时间', 'NUMBER20', 'y', 'ModifyTimes', 'modifyTimes', '12', '517c8bee-58e0-455b-8956-9b2259969605');

INSERT INTO "PRO_PK"("PK_ID", "DT_ID", "COLUMNS_ID") VALUES ('700ee1ca-ee53-4817-a994-84842d90ee10', '517c8bee-58e0-455b-8956-9b2259969605', '2460e18f-a381-4bb5-8b19-7ebb46698bec');

INSERT INTO "PRO_QUERY"("QUERY_ID", "QUERY_TYPE", "DT_ID", "COLUMNS_ID", "WEIGHT_ORDER") VALUES ('8d74068d-db21-4a86-8365-56aae3384f8f', 'Andin', '517c8bee-58e0-455b-8956-9b2259969605', '2460e18f-a381-4bb5-8b19-7ebb46698bec', '1');
INSERT INTO "PRO_QUERY"("QUERY_ID", "QUERY_TYPE", "DT_ID", "COLUMNS_ID", "WEIGHT_ORDER") VALUES ('4bb92323-a698-4ee0-8cad-2f0a20363720', 'Andeq', '517c8bee-58e0-455b-8956-9b2259969605', '59bfd230-268f-4707-92ea-53b8b704161f', '2');
INSERT INTO "PRO_QUERY"("QUERY_ID", "QUERY_TYPE", "DT_ID", "COLUMNS_ID", "WEIGHT_ORDER") VALUES ('65dba05a-d504-42f1-8220-9eb72f90b0ff', 'AndKeyLike', '517c8bee-58e0-455b-8956-9b2259969605', '59bfd230-268f-4707-92ea-53b8b704161f', '3');
INSERT INTO "PRO_QUERY"("QUERY_ID", "QUERY_TYPE", "DT_ID", "COLUMNS_ID", "WEIGHT_ORDER") VALUES ('7e9e568d-8d73-4c38-96dd-d9cb102971eb', 'OrKeyLike', '517c8bee-58e0-455b-8956-9b2259969605', '1e794c6d-2d85-4a85-b1a9-35034b81728f', '4');
INSERT INTO "PRO_QUERY"("QUERY_ID", "QUERY_TYPE", "DT_ID", "COLUMNS_ID", "WEIGHT_ORDER") VALUES ('4a822ed4-820e-48c5-990e-50587e07c65d', 'OrKeyLike', '517c8bee-58e0-455b-8956-9b2259969605', '071fce20-89dc-482e-8885-b64f33a0b081', '5');
INSERT INTO "PRO_QUERY"("QUERY_ID", "QUERY_TYPE", "DT_ID", "COLUMNS_ID", "WEIGHT_ORDER") VALUES ('b9bbfab1-42c5-4f3a-97c9-01d691ac7a45', 'OrKeyLike', '517c8bee-58e0-455b-8956-9b2259969605', '29e51493-e182-45f2-8c07-c1c92d8ef985', '6');
INSERT INTO "PRO_QUERY"("QUERY_ID", "QUERY_TYPE", "DT_ID", "COLUMNS_ID", "WEIGHT_ORDER") VALUES ('6365fa74-d078-4267-a3c1-654955411c3d', 'OrKeyLike', '517c8bee-58e0-455b-8956-9b2259969605', '198c7a29-947e-4bc3-bdbc-205ec12441e9', '7');
INSERT INTO "PRO_QUERY"("QUERY_ID", "QUERY_TYPE", "DT_ID", "COLUMNS_ID", "WEIGHT_ORDER") VALUES ('dcb33cda-9be0-409f-bcd0-a54fe7ef6c87', 'OrKeyLike', '517c8bee-58e0-455b-8956-9b2259969605', 'bd8ac777-af2d-445f-96a3-c8b1b75c90dc', '8');
INSERT INTO "PRO_QUERY"("QUERY_ID", "QUERY_TYPE", "DT_ID", "COLUMNS_ID", "WEIGHT_ORDER") VALUES ('f3a87004-eac5-4dcb-aa03-e4533e26a53a', 'OrKeyLike', '517c8bee-58e0-455b-8956-9b2259969605', '4456a653-541d-45f7-a1b9-f7f48a67a0da', '9');

INSERT INTO "PRO_SORT"("SORT_ID", "SORT_RULE", "DT_ID", "COLUMNS_ID") VALUES ('b4796b9b-f78f-4745-8216-d38d375e1761', 'ASC', '517c8bee-58e0-455b-8956-9b2259969605', '36885827-2077-4fc1-8f07-b59901d928e3');


/* 角色岗位 [ SYS_ROLE_POST_NEXUS ] */

INSERT INTO "PRO_DT"("DT_ID", "DT_SQL", "DT_NAME", "DT_NAME_ANNOTATION", "DT_PREFIX", "INITIAL_CASE_ENTITY_NAME", "INITIAL_LOWERCASE_ENTITY_NAME", "PRO_PATH", "PRO_ALL_NAME") VALUES ('2e1a1721-ab35-4f50-adcf-6e6b7c52ffde', 'SYS_ROLE_POST_NEXUS', 'SYS_ROLE_POST_NEXUS', '角色岗位', 'SYS_', 'RolePostNexus', 'rolePostNexus', '/Users/moonnow/wode/cs/1', 'sign');

INSERT INTO "PRO_COLUMNS"("COLUMNS_ID", "COLUMN_NAME", "COLUMN_NAME_ANNOTATION", "DATA_TYPE", "IS_NULL", "INITIAL_CASE_COLUMN_NAME", "INITIAL_LOWERCASE_COLUMN_NAME", "WEIGHT_ORDER", "DT_ID") VALUES ('a343766c-ebd9-429e-9f64-6017f0d15796', 'NEXUS_ID', '关系编号', 'VARCHAR2', 'n', 'NexusId', 'nexusId', '1', '2e1a1721-ab35-4f50-adcf-6e6b7c52ffde');
INSERT INTO "PRO_COLUMNS"("COLUMNS_ID", "COLUMN_NAME", "COLUMN_NAME_ANNOTATION", "DATA_TYPE", "IS_NULL", "INITIAL_CASE_COLUMN_NAME", "INITIAL_LOWERCASE_COLUMN_NAME", "WEIGHT_ORDER", "DT_ID") VALUES ('780c72af-1c1a-4d4e-b393-1b608e0c3f51', 'ROLE_ID', '角色编号', 'VARCHAR2', 'n', 'RoleId', 'roleId', '2', '2e1a1721-ab35-4f50-adcf-6e6b7c52ffde');
INSERT INTO "PRO_COLUMNS"("COLUMNS_ID", "COLUMN_NAME", "COLUMN_NAME_ANNOTATION", "DATA_TYPE", "IS_NULL", "INITIAL_CASE_COLUMN_NAME", "INITIAL_LOWERCASE_COLUMN_NAME", "WEIGHT_ORDER", "DT_ID") VALUES ('7620074e-cb8f-4110-ac2b-a10d3f8a41f6', 'POST_ID', '岗位编号', 'VARCHAR2', 'n', 'PostId', 'postId', '3', '2e1a1721-ab35-4f50-adcf-6e6b7c52ffde');

INSERT INTO "PRO_PK"("PK_ID", "DT_ID", "COLUMNS_ID") VALUES ('33fc4fd6-5209-46a9-a3ab-11ccf360dc52', '2e1a1721-ab35-4f50-adcf-6e6b7c52ffde', 'a343766c-ebd9-429e-9f64-6017f0d15796');

INSERT INTO "PRO_QUERY"("QUERY_ID", "QUERY_TYPE", "DT_ID", "COLUMNS_ID", "WEIGHT_ORDER") VALUES ('837ae36a-c5f2-4f9e-ba9b-b2deb1e0f8ec', 'Andeq', '2e1a1721-ab35-4f50-adcf-6e6b7c52ffde', '7620074e-cb8f-4110-ac2b-a10d3f8a41f6', '3');
INSERT INTO "PRO_QUERY"("QUERY_ID", "QUERY_TYPE", "DT_ID", "COLUMNS_ID", "WEIGHT_ORDER") VALUES ('8d77610c-5520-4b1c-8ef2-ecd7d3c38e12', 'AndKeyLike', '2e1a1721-ab35-4f50-adcf-6e6b7c52ffde', '780c72af-1c1a-4d4e-b393-1b608e0c3f51', '4');
INSERT INTO "PRO_QUERY"("QUERY_ID", "QUERY_TYPE", "DT_ID", "COLUMNS_ID", "WEIGHT_ORDER") VALUES ('a1fa19ba-8754-4ef3-b377-45068bd62807', 'OrKeyLike', '2e1a1721-ab35-4f50-adcf-6e6b7c52ffde', '7620074e-cb8f-4110-ac2b-a10d3f8a41f6', '5');
INSERT INTO "PRO_QUERY"("QUERY_ID", "QUERY_TYPE", "DT_ID", "COLUMNS_ID", "WEIGHT_ORDER") VALUES ('90ca332c-ec3a-4bbf-8395-1ba96ebf37e9', 'Andin', '2e1a1721-ab35-4f50-adcf-6e6b7c52ffde', 'a343766c-ebd9-429e-9f64-6017f0d15796', '1');
INSERT INTO "PRO_QUERY"("QUERY_ID", "QUERY_TYPE", "DT_ID", "COLUMNS_ID", "WEIGHT_ORDER") VALUES ('a5beb616-5cf7-4a4a-9714-6cbd4b1a38b9', 'Andeq', '2e1a1721-ab35-4f50-adcf-6e6b7c52ffde', '780c72af-1c1a-4d4e-b393-1b608e0c3f51', '2');



/*初始化数据字典数据*/



/*初始化测试数据*/


/*初始化账号数据*/

INSERT INTO "COALSALE"."SYS_ACCOUNT"("ACCOUNT_ID", "ACCOUNT", "PASSWORD", "MOBILE_PHONE_NUMBER", "COOKIES_EXPIRE_TIMES_BROWSER", "COOKIES_EXPIRE_TIMES_ANDROID", "COOKIES_EXPIRE_TIMES_IOS", "COOKIES_EXPIRE_TIMES_WECHATAPP", "NEXUS_TYPE", "NEXUS_OBJECT_ID", "VERSIONS", "CREATE_ID", "CREATE_NAME", "CREATE_TIMES", "MODIFY_ID", "MODIFY_NAME", "MODIFY_TIMES") VALUES ('7868c7e4-d9cd-4dce-abe5-92c3a35c0121', '员工-001', '123456', NULL, NULL, NULL, NULL, NULL, NULL, NULL, '1', 'e5e32ca9-c2c7-4a17-92e8-2207f4e5886f', 'moonnow@code', '1570778353594', 'e5e32ca9-c2c7-4a17-92e8-2207f4e5886f', 'moonnow@code', '1570778353594');
INSERT INTO "COALSALE"."SYS_ACCOUNT"("ACCOUNT_ID", "ACCOUNT", "PASSWORD", "MOBILE_PHONE_NUMBER", "COOKIES_EXPIRE_TIMES_BROWSER", "COOKIES_EXPIRE_TIMES_ANDROID", "COOKIES_EXPIRE_TIMES_IOS", "COOKIES_EXPIRE_TIMES_WECHATAPP", "NEXUS_TYPE", "NEXUS_OBJECT_ID", "VERSIONS", "CREATE_ID", "CREATE_NAME", "CREATE_TIMES", "MODIFY_ID", "MODIFY_NAME", "MODIFY_TIMES") VALUES ('03c15ad9-bf87-44a7-84e8-cc8a9ea5e904', '员工-002', '123456', NULL, NULL, NULL, NULL, NULL, NULL, NULL, '1', 'e5e32ca9-c2c7-4a17-92e8-2207f4e5886f', 'moonnow@code', '1570778361140', 'e5e32ca9-c2c7-4a17-92e8-2207f4e5886f', 'moonnow@code', '1570778361140');
INSERT INTO "COALSALE"."SYS_ACCOUNT"("ACCOUNT_ID", "ACCOUNT", "PASSWORD", "MOBILE_PHONE_NUMBER", "COOKIES_EXPIRE_TIMES_BROWSER", "COOKIES_EXPIRE_TIMES_ANDROID", "COOKIES_EXPIRE_TIMES_IOS", "COOKIES_EXPIRE_TIMES_WECHATAPP", "NEXUS_TYPE", "NEXUS_OBJECT_ID", "VERSIONS", "CREATE_ID", "CREATE_NAME", "CREATE_TIMES", "MODIFY_ID", "MODIFY_NAME", "MODIFY_TIMES") VALUES ('5c68dfa8-e45d-4ace-87f8-fba07d594fcf', '员工-003', '123456', NULL, NULL, NULL, NULL, NULL, NULL, NULL, '1', 'e5e32ca9-c2c7-4a17-92e8-2207f4e5886f', 'moonnow@code', '1570778369408', 'e5e32ca9-c2c7-4a17-92e8-2207f4e5886f', 'moonnow@code', '1570778369408');
INSERT INTO "COALSALE"."SYS_ACCOUNT"("ACCOUNT_ID", "ACCOUNT", "PASSWORD", "MOBILE_PHONE_NUMBER", "COOKIES_EXPIRE_TIMES_BROWSER", "COOKIES_EXPIRE_TIMES_ANDROID", "COOKIES_EXPIRE_TIMES_IOS", "COOKIES_EXPIRE_TIMES_WECHATAPP", "NEXUS_TYPE", "NEXUS_OBJECT_ID", "VERSIONS", "CREATE_ID", "CREATE_NAME", "CREATE_TIMES", "MODIFY_ID", "MODIFY_NAME", "MODIFY_TIMES") VALUES ('741e4933-6ee4-41b5-bd8a-660565ff0cf6', '员工-004', '123456', NULL, NULL, NULL, NULL, NULL, NULL, NULL, '1', 'e5e32ca9-c2c7-4a17-92e8-2207f4e5886f', 'moonnow@code', '1570778376454', 'e5e32ca9-c2c7-4a17-92e8-2207f4e5886f', 'moonnow@code', '1570778376454');
INSERT INTO "COALSALE"."SYS_ACCOUNT"("ACCOUNT_ID", "ACCOUNT", "PASSWORD", "MOBILE_PHONE_NUMBER", "COOKIES_EXPIRE_TIMES_BROWSER", "COOKIES_EXPIRE_TIMES_ANDROID", "COOKIES_EXPIRE_TIMES_IOS", "COOKIES_EXPIRE_TIMES_WECHATAPP", "NEXUS_TYPE", "NEXUS_OBJECT_ID", "VERSIONS", "CREATE_ID", "CREATE_NAME", "CREATE_TIMES", "MODIFY_ID", "MODIFY_NAME", "MODIFY_TIMES") VALUES ('68a441b8-75c7-4e15-99dc-4f2afd5f0b77', '员工-005', '123456', NULL, NULL, NULL, NULL, NULL, NULL, NULL, '1', 'e5e32ca9-c2c7-4a17-92e8-2207f4e5886f', 'moonnow@code', '1570778385120', 'e5e32ca9-c2c7-4a17-92e8-2207f4e5886f', 'moonnow@code', '1570778385120');
INSERT INTO "COALSALE"."SYS_ACCOUNT"("ACCOUNT_ID", "ACCOUNT", "PASSWORD", "MOBILE_PHONE_NUMBER", "COOKIES_EXPIRE_TIMES_BROWSER", "COOKIES_EXPIRE_TIMES_ANDROID", "COOKIES_EXPIRE_TIMES_IOS", "COOKIES_EXPIRE_TIMES_WECHATAPP", "NEXUS_TYPE", "NEXUS_OBJECT_ID", "VERSIONS", "CREATE_ID", "CREATE_NAME", "CREATE_TIMES", "MODIFY_ID", "MODIFY_NAME", "MODIFY_TIMES") VALUES ('65c1f4a5-07bf-487f-b73b-cee654dfbec8', '员工-006', '123456', NULL, NULL, NULL, NULL, NULL, NULL, NULL, '1', 'e5e32ca9-c2c7-4a17-92e8-2207f4e5886f', 'moonnow@code', '1570778392719', 'e5e32ca9-c2c7-4a17-92e8-2207f4e5886f', 'moonnow@code', '1570778392719');
INSERT INTO "COALSALE"."SYS_ACCOUNT"("ACCOUNT_ID", "ACCOUNT", "PASSWORD", "MOBILE_PHONE_NUMBER", "COOKIES_EXPIRE_TIMES_BROWSER", "COOKIES_EXPIRE_TIMES_ANDROID", "COOKIES_EXPIRE_TIMES_IOS", "COOKIES_EXPIRE_TIMES_WECHATAPP", "NEXUS_TYPE", "NEXUS_OBJECT_ID", "VERSIONS", "CREATE_ID", "CREATE_NAME", "CREATE_TIMES", "MODIFY_ID", "MODIFY_NAME", "MODIFY_TIMES") VALUES ('2a7ea4bf-7e5a-4dc7-8719-0c09f93d0884', '员工-007', '123456', NULL, NULL, NULL, NULL, NULL, NULL, NULL, '1', 'e5e32ca9-c2c7-4a17-92e8-2207f4e5886f', 'moonnow@code', '1570778400343', 'e5e32ca9-c2c7-4a17-92e8-2207f4e5886f', 'moonnow@code', '1570778400343');
INSERT INTO "COALSALE"."SYS_ACCOUNT"("ACCOUNT_ID", "ACCOUNT", "PASSWORD", "MOBILE_PHONE_NUMBER", "COOKIES_EXPIRE_TIMES_BROWSER", "COOKIES_EXPIRE_TIMES_ANDROID", "COOKIES_EXPIRE_TIMES_IOS", "COOKIES_EXPIRE_TIMES_WECHATAPP", "NEXUS_TYPE", "NEXUS_OBJECT_ID", "VERSIONS", "CREATE_ID", "CREATE_NAME", "CREATE_TIMES", "MODIFY_ID", "MODIFY_NAME", "MODIFY_TIMES") VALUES ('eb53aee2-6983-47ff-9eba-3490b7a1af7a', '员工-008', '123456', NULL, NULL, NULL, NULL, NULL, NULL, NULL, '1', 'e5e32ca9-c2c7-4a17-92e8-2207f4e5886f', 'moonnow@code', '1570778407431', 'e5e32ca9-c2c7-4a17-92e8-2207f4e5886f', 'moonnow@code', '1570778407431');
INSERT INTO "COALSALE"."SYS_ACCOUNT"("ACCOUNT_ID", "ACCOUNT", "PASSWORD", "MOBILE_PHONE_NUMBER", "COOKIES_EXPIRE_TIMES_BROWSER", "COOKIES_EXPIRE_TIMES_ANDROID", "COOKIES_EXPIRE_TIMES_IOS", "COOKIES_EXPIRE_TIMES_WECHATAPP", "NEXUS_TYPE", "NEXUS_OBJECT_ID", "VERSIONS", "CREATE_ID", "CREATE_NAME", "CREATE_TIMES", "MODIFY_ID", "MODIFY_NAME", "MODIFY_TIMES") VALUES ('88d81d46-69e9-4521-a275-d9202bc398c1', '员工-009', '123456', NULL, NULL, NULL, NULL, NULL, NULL, NULL, '1', 'e5e32ca9-c2c7-4a17-92e8-2207f4e5886f', 'moonnow@code', '1570778414450', 'e5e32ca9-c2c7-4a17-92e8-2207f4e5886f', 'moonnow@code', '1570778414450');
INSERT INTO "COALSALE"."SYS_ACCOUNT"("ACCOUNT_ID", "ACCOUNT", "PASSWORD", "MOBILE_PHONE_NUMBER", "COOKIES_EXPIRE_TIMES_BROWSER", "COOKIES_EXPIRE_TIMES_ANDROID", "COOKIES_EXPIRE_TIMES_IOS", "COOKIES_EXPIRE_TIMES_WECHATAPP", "NEXUS_TYPE", "NEXUS_OBJECT_ID", "VERSIONS", "CREATE_ID", "CREATE_NAME", "CREATE_TIMES", "MODIFY_ID", "MODIFY_NAME", "MODIFY_TIMES") VALUES ('38a6f1a4-8d65-4fd4-a3ae-831e500be305', '员工-010', '123456', NULL, NULL, NULL, NULL, NULL, NULL, NULL, '1', 'e5e32ca9-c2c7-4a17-92e8-2207f4e5886f', 'moonnow@code', '1570778424202', 'e5e32ca9-c2c7-4a17-92e8-2207f4e5886f', 'moonnow@code', '1570778424202');
INSERT INTO "COALSALE"."SYS_ACCOUNT"("ACCOUNT_ID", "ACCOUNT", "PASSWORD", "MOBILE_PHONE_NUMBER", "COOKIES_EXPIRE_TIMES_BROWSER", "COOKIES_EXPIRE_TIMES_ANDROID", "COOKIES_EXPIRE_TIMES_IOS", "COOKIES_EXPIRE_TIMES_WECHATAPP", "NEXUS_TYPE", "NEXUS_OBJECT_ID", "VERSIONS", "CREATE_ID", "CREATE_NAME", "CREATE_TIMES", "MODIFY_ID", "MODIFY_NAME", "MODIFY_TIMES") VALUES ('6e82345d-4838-48c0-ab74-e831e4540d25', '员工-011', '123456', NULL, NULL, NULL, NULL, NULL, NULL, NULL, '1', 'e5e32ca9-c2c7-4a17-92e8-2207f4e5886f', 'moonnow@code', '1570778441591', 'e5e32ca9-c2c7-4a17-92e8-2207f4e5886f', 'moonnow@code', '1570778441591');
INSERT INTO "COALSALE"."SYS_ACCOUNT"("ACCOUNT_ID", "ACCOUNT", "PASSWORD", "MOBILE_PHONE_NUMBER", "COOKIES_EXPIRE_TIMES_BROWSER", "COOKIES_EXPIRE_TIMES_ANDROID", "COOKIES_EXPIRE_TIMES_IOS", "COOKIES_EXPIRE_TIMES_WECHATAPP", "NEXUS_TYPE", "NEXUS_OBJECT_ID", "VERSIONS", "CREATE_ID", "CREATE_NAME", "CREATE_TIMES", "MODIFY_ID", "MODIFY_NAME", "MODIFY_TIMES") VALUES ('1b73ab33-c8de-461d-a6ff-208f03f9e0dd', '员工-012', '123456', NULL, NULL, NULL, NULL, NULL, NULL, NULL, '1', 'e5e32ca9-c2c7-4a17-92e8-2207f4e5886f', 'moonnow@code', '1570778448450', 'e5e32ca9-c2c7-4a17-92e8-2207f4e5886f', 'moonnow@code', '1570778448450');
INSERT INTO "COALSALE"."SYS_ACCOUNT"("ACCOUNT_ID", "ACCOUNT", "PASSWORD", "MOBILE_PHONE_NUMBER", "COOKIES_EXPIRE_TIMES_BROWSER", "COOKIES_EXPIRE_TIMES_ANDROID", "COOKIES_EXPIRE_TIMES_IOS", "COOKIES_EXPIRE_TIMES_WECHATAPP", "NEXUS_TYPE", "NEXUS_OBJECT_ID", "VERSIONS", "CREATE_ID", "CREATE_NAME", "CREATE_TIMES", "MODIFY_ID", "MODIFY_NAME", "MODIFY_TIMES") VALUES ('e04c5fa7-4b34-4ba1-9bd3-056dbb942415', '员工-013', '123456', NULL, NULL, NULL, NULL, NULL, NULL, NULL, '1', 'e5e32ca9-c2c7-4a17-92e8-2207f4e5886f', 'moonnow@code', '1570778454909', 'e5e32ca9-c2c7-4a17-92e8-2207f4e5886f', 'moonnow@code', '1570778454909');
INSERT INTO "COALSALE"."SYS_ACCOUNT"("ACCOUNT_ID", "ACCOUNT", "PASSWORD", "MOBILE_PHONE_NUMBER", "COOKIES_EXPIRE_TIMES_BROWSER", "COOKIES_EXPIRE_TIMES_ANDROID", "COOKIES_EXPIRE_TIMES_IOS", "COOKIES_EXPIRE_TIMES_WECHATAPP", "NEXUS_TYPE", "NEXUS_OBJECT_ID", "VERSIONS", "CREATE_ID", "CREATE_NAME", "CREATE_TIMES", "MODIFY_ID", "MODIFY_NAME", "MODIFY_TIMES") VALUES ('23dca9e2-b93f-4db2-81dc-c53b707d9227', '员工-014', '123456', NULL, NULL, NULL, NULL, NULL, NULL, NULL, '1', 'e5e32ca9-c2c7-4a17-92e8-2207f4e5886f', 'moonnow@code', '1570778460768', 'e5e32ca9-c2c7-4a17-92e8-2207f4e5886f', 'moonnow@code', '1570778460768');
INSERT INTO "COALSALE"."SYS_ACCOUNT"("ACCOUNT_ID", "ACCOUNT", "PASSWORD", "MOBILE_PHONE_NUMBER", "COOKIES_EXPIRE_TIMES_BROWSER", "COOKIES_EXPIRE_TIMES_ANDROID", "COOKIES_EXPIRE_TIMES_IOS", "COOKIES_EXPIRE_TIMES_WECHATAPP", "NEXUS_TYPE", "NEXUS_OBJECT_ID", "VERSIONS", "CREATE_ID", "CREATE_NAME", "CREATE_TIMES", "MODIFY_ID", "MODIFY_NAME", "MODIFY_TIMES") VALUES ('e20954d9-1b86-4989-bce8-1e09b3b400ed', '员工-015', '123456', NULL, NULL, NULL, NULL, NULL, NULL, NULL, '1', 'e5e32ca9-c2c7-4a17-92e8-2207f4e5886f', 'moonnow@code', '1570778467639', 'e5e32ca9-c2c7-4a17-92e8-2207f4e5886f', 'moonnow@code', '1570778467639');
INSERT INTO "COALSALE"."SYS_ACCOUNT"("ACCOUNT_ID", "ACCOUNT", "PASSWORD", "MOBILE_PHONE_NUMBER", "COOKIES_EXPIRE_TIMES_BROWSER", "COOKIES_EXPIRE_TIMES_ANDROID", "COOKIES_EXPIRE_TIMES_IOS", "COOKIES_EXPIRE_TIMES_WECHATAPP", "NEXUS_TYPE", "NEXUS_OBJECT_ID", "VERSIONS", "CREATE_ID", "CREATE_NAME", "CREATE_TIMES", "MODIFY_ID", "MODIFY_NAME", "MODIFY_TIMES") VALUES ('d0286cc5-2f65-4b80-b8fa-c0def3b03cc9', '员工-016', '123456', NULL, NULL, NULL, NULL, NULL, NULL, NULL, '1', 'e5e32ca9-c2c7-4a17-92e8-2207f4e5886f', 'moonnow@code', '1570778473658', 'e5e32ca9-c2c7-4a17-92e8-2207f4e5886f', 'moonnow@code', '1570778473658');
INSERT INTO "COALSALE"."SYS_ACCOUNT"("ACCOUNT_ID", "ACCOUNT", "PASSWORD", "MOBILE_PHONE_NUMBER", "COOKIES_EXPIRE_TIMES_BROWSER", "COOKIES_EXPIRE_TIMES_ANDROID", "COOKIES_EXPIRE_TIMES_IOS", "COOKIES_EXPIRE_TIMES_WECHATAPP", "NEXUS_TYPE", "NEXUS_OBJECT_ID", "VERSIONS", "CREATE_ID", "CREATE_NAME", "CREATE_TIMES", "MODIFY_ID", "MODIFY_NAME", "MODIFY_TIMES") VALUES ('d1ad493f-91a3-421a-9eca-e826acf15534', '员工-017', '123456', NULL, NULL, NULL, NULL, NULL, NULL, NULL, '1', 'e5e32ca9-c2c7-4a17-92e8-2207f4e5886f', 'moonnow@code', '1570778480100', 'e5e32ca9-c2c7-4a17-92e8-2207f4e5886f', 'moonnow@code', '1570778480100');
INSERT INTO "COALSALE"."SYS_ACCOUNT"("ACCOUNT_ID", "ACCOUNT", "PASSWORD", "MOBILE_PHONE_NUMBER", "COOKIES_EXPIRE_TIMES_BROWSER", "COOKIES_EXPIRE_TIMES_ANDROID", "COOKIES_EXPIRE_TIMES_IOS", "COOKIES_EXPIRE_TIMES_WECHATAPP", "NEXUS_TYPE", "NEXUS_OBJECT_ID", "VERSIONS", "CREATE_ID", "CREATE_NAME", "CREATE_TIMES", "MODIFY_ID", "MODIFY_NAME", "MODIFY_TIMES") VALUES ('694304f4-2c07-4138-8e93-4d91dd853147', '员工-018', '123456', NULL, NULL, NULL, NULL, NULL, NULL, NULL, '1', 'e5e32ca9-c2c7-4a17-92e8-2207f4e5886f', 'moonnow@code', '1570778486238', 'e5e32ca9-c2c7-4a17-92e8-2207f4e5886f', 'moonnow@code', '1570778486238');
INSERT INTO "COALSALE"."SYS_ACCOUNT"("ACCOUNT_ID", "ACCOUNT", "PASSWORD", "MOBILE_PHONE_NUMBER", "COOKIES_EXPIRE_TIMES_BROWSER", "COOKIES_EXPIRE_TIMES_ANDROID", "COOKIES_EXPIRE_TIMES_IOS", "COOKIES_EXPIRE_TIMES_WECHATAPP", "NEXUS_TYPE", "NEXUS_OBJECT_ID", "VERSIONS", "CREATE_ID", "CREATE_NAME", "CREATE_TIMES", "MODIFY_ID", "MODIFY_NAME", "MODIFY_TIMES") VALUES ('db1ef012-b035-402f-8639-48b7dc656941', '员工-019', '123456', NULL, NULL, NULL, NULL, NULL, NULL, NULL, '1', 'e5e32ca9-c2c7-4a17-92e8-2207f4e5886f', 'moonnow@code', '1570778492740', 'e5e32ca9-c2c7-4a17-92e8-2207f4e5886f', 'moonnow@code', '1570778492740');
INSERT INTO "COALSALE"."SYS_ACCOUNT"("ACCOUNT_ID", "ACCOUNT", "PASSWORD", "MOBILE_PHONE_NUMBER", "COOKIES_EXPIRE_TIMES_BROWSER", "COOKIES_EXPIRE_TIMES_ANDROID", "COOKIES_EXPIRE_TIMES_IOS", "COOKIES_EXPIRE_TIMES_WECHATAPP", "NEXUS_TYPE", "NEXUS_OBJECT_ID", "VERSIONS", "CREATE_ID", "CREATE_NAME", "CREATE_TIMES", "MODIFY_ID", "MODIFY_NAME", "MODIFY_TIMES") VALUES ('9b166904-ed13-4c49-aca7-d682cd737fce', '员工-020', '123456', NULL, NULL, NULL, NULL, NULL, NULL, NULL, '1', 'e5e32ca9-c2c7-4a17-92e8-2207f4e5886f', 'moonnow@code', '1570778499993', 'e5e32ca9-c2c7-4a17-92e8-2207f4e5886f', 'moonnow@code', '1570778499993');

